Library,Station,pressure,depth,temp,sal,OXYGEN,CTDOXY,PHSPHT,SILCAT,NITRAT,NITRIT,TALK,DIC,H2O_2_D_DELTA_BOTTLE,H2O_18_D_DELTA_BOTTLE,Al_D_CONC_BOTTLE,STANDARD_DEV,Ba_D_CONC_BOTTLE,Cd_D_CONC_BOTTLE,Fe_D_CONC_BOTTLE,Fe_D_CONC_BOTTLE_FIA,Fe_D_CONC_BOTTLE_FIA_STANDARD_DEV,Mn_D_CONC_BOTTLE,Mn_D_CONC_BOTTLE_STANDARD_DEV,Mo_D_CONC_BOTTLE,Ni_D_CONC_BOTTLE,Pb_D_CONC_BOTTLE,U_D_CONC_BOTTLE,Zn_D_CONC_BOTTLE,Y_D_CONC_BOTTLE,La_D_CONC_BOTTLE,Pa_231_D_CONC_BOTTLE,Pa_231_D_CONC_BOTTLE_STANDARD_DEV,Th_230_D_CONC_BOTTLE,Th_230_D_CONC_BOTTLE_STANDARD_DEV,Th_232_D_CONC_BOTTLE,Th_232_D_CONC_BOTTLE_STANDARD_DEV,Th_234_D_CONC_BOTTLE,Th_234_D_CONC_BOTTLE_STANDARD_DEV
S0001,10,10,10,15.0723333333,35.038667,69.4333333333,255.2,0.09,0.7533333333,0.2,0.0533333333,769.6,688.8333333333,0.9933333333,-0.6066666667,1.86179,-0.3040666667,12.0357666667,-0.3224333333,-0.24,-0.2413,-0.3297533333,0.2910566667,-0.32748,47.3866666667,1.5433333333,13.1133333333,3.5359333333,-0.2233333333,81.52,13.5766666667,-1,-1,-1,-1,-1,-1,11.1642333333,-0.4
S0002,10,40,39.7359307359,22.3037943723,35.7607041039,-1,229.0268398268,0.0082034632,0.3522727273,0,0.01,1170.55,1015.95,3.8037012987,-0.071991342,2.7446854978,-0.1611319697,31.1163385281,-0.1770363636,-0.1178571429,-0.1016036797,-0.49512,0.5991896104,-0.1654226623,120.8185042424,1.8706709957,17.2968614719,10.2017177489,-0.0701948052,74.8488095238,8.9964935065,-1,-1,-1,-1,-1,-1,30.2318467532,0.457870303
S0003,10,80,79.2972972973,11.0290405405,35.249001,-1,223.9081081081,0.4916216216,2.4216216216,6.5337837838,0.3183783784,2328.4,2127.3,-1,-1,2.6439,0.04878,-1,0.0842,0.12,0.10146,0.00293,0.80976,0.00683,-1,3.21,19.43,-1,0.11,147.10001,26.05,-1,-1,-1,-1,-1,-1,-1,-1
S0004,10,100,99.1171171171,10.6984099099,35.249001,-1,237.781981982,0.5997297297,3.8630630631,8.786036036,0.2102702703,2328.4,2127.3,-1,-1,2.6439,0.04878,-1,0.0842,0.12,0.10146,0.00293,0.80976,0.00683,-1,3.21,19.43,-1,0.11,147.10001,26.05,-1,-1,-1,-1,-1,-1,-1,-1
S0005,10,160,158.5443037975,9.7903227848,35.1320181266,-1,221.1284810127,0.8166455696,5.8734177215,12.5518987342,0.0586075949,2159.582278481,1992.3879746836,-1,-1,4.661,-0.417075,-1,-0.37745,-0.185,-0.210245,-0.49756,-0.260975,-0.498535,-1,1.405,10.68,-1,-0.11,72.65,13.44,-1,-1,-1,-1,-1,-1,-1,-1
S0006,10,180,178.3755274262,9.527664557,35.1048033586,-1,200.3056962025,0.9579957806,7.3080168776,14.8303797468,0.0543881857,1668.3164556962,1546.2909282701,-1,-1,4.661,-0.417075,-1,-0.37745,-0.185,-0.210245,-0.49756,-0.260975,-0.498535,-1,1.405,10.68,-1,-0.11,72.65,13.44,-1,-1,-1,-1,-1,-1,-1,-1
S0008,12,10,9.9,23.0798,36.3320002,-1,218.19,0.021,0.335,0.27,0.034,944.56,827.95,1.2766666667,-0.4,0.9203266667,-0.6504066667,11.8299333333,-0.6654666667,-0.63,-0.64065,-1,-0.3121966667,-0.6614633333,48.6646666667,0.1033333333,6.7133333333,3.6562666667,-0.42,28.03,2.6966666667,-1,-1,-1,-1,-1,-1,11.5609666667,-0.4422766667
S0009,12,40,39.7402597403,20.7973636364,36.3693242727,-1,221.9688311688,0.1085714286,1.1548051948,1.7311688312,0.0985714286,2399.8,2061.5,-1,-1,15.8927,0.17561,-1,0.0394,0.05,0.05366,0.0039,0.76098,0.01366,-1,2.75,21.12,-1,0.1,146.82001,19.06,-1,-1,-1,-1,-1,-1,34.5366,1.7561
S0010,12,80,79.4871794872,21.0622820513,36.6392836667,-1,215.3615384615,0.0820512821,1.0102564103,0.641025641,0.0494871795,-1,-1,-1,-1,16.3415,0.22439,-1,0.048,0.07,0.04683,0.00098,0.73171,0.01073,-1,2.74,21.53,-1,0.08,145.55,19.09,-1,-1,-1,-1,-1,-1,39.2195,1.85366
S0011,12,100,99.3636363636,17.6167272727,29.8454539091,-1,173.7727272727,-0.1409090909,0.4763636364,-0.1818181818,-0.1290909091,2405.6,2087.1,2.195,-0.125,2.236585,-0.47073,18.58925,-0.499,-0.49,-0.485365,-1,0.05122,-0.488295,75.728995,0.645,8.705,5.99855,-0.48,42.27,4.675,0.65044,0.08946,2.40654,0.07317,0.13814,0.00176,19.1,-0.114635
S0012,12,160,158.7,14.8326,35.938581,-1,213.4066666667,0.4083333333,2.6758,6.6058,0.0536666667,2348.496,2119.8566666667,-1,-1,-1,-1,-1,-1,-1,-1,-1,-1,-1,-1,-1,-1,-1,-1,-1,-1,-1,-1,-1,-1,-1,-1,-1,-1
S0013,12,180,178.7,16.2592666667,35.926581,-1,215.1844444444,0.2972222222,1.8891333333,3.8191333333,0.0314444444,2354.096,2104.9677777778,-1,-1,-1,-1,-1,-1,-1,-1,-1,-1,-1,-1,-1,-1,-1,-1,-1,-1,-1,-1,-1,-1,-1,-1,-1,-1
S0015,16,10,9.9,28.3666,36.30165095,194.9,193.935,0.077,0.33325,0.005,0.0205,1249.6775,1070.655,3.16,-0.075,7.51465,-0.45122,20.699,-0.49815,-0.425,-0.42683,-0.436585,0.32439,-0.485365,68.667505,0.645,9.55,6.15415,-0.305,52.155,8.665,-1,-1,-1,-1,-1,-1,18.261,-0.090245
S0016,16,40,39.7402597403,24.5579350649,36.490634961,-1,203.2363636364,0.0558441558,0.4283116883,0.0402597403,0.0380519481,-1,-1,7.36,0.89,14.9857402597,0.1054146753,42.2137,0.0027051948,0.0818181818,0.061161039,0.0411911688,1.2192593506,0.023375974,136.229,2.29,18.8381818182,12.9522,0.065974026,116.488961039,15.0405194805,-1,-1,-1,-1,-1,-1,35.9833103896,1.1296792208
S0017,16,80,79.4,18.7712833333,36.519723175,-1,204.1966666667,0.03,0.6,0.5,0.13,-1,-1,-1,-1,15.4146,0.19512,-1,0.004,0.06,0.06439,0.00195,0.72195,0.00683,-1,2.29,21.89,-1,0.03,135.8,12.57,-1,-1,-1,-1,-1,-1,32.0976,1.7561
S0018,16,100,99.4,22.27295,36.447500675,-1,176.53,0.03,0.6,0.5,0.13,-1,-1,-1,-1,15.4146,0.19512,-1,0.004,0.06,0.06439,0.00195,0.72195,0.00683,-1,2.29,21.89,-1,0.03,135.8,12.57,-1,-1,-1,-1,-1,-1,32.0976,1.7561
S0019,16,160,158.8,16.63750625,36.28369475,-1,186.879375,0.38025,2.465375,6.441125,0.2870625,1194.5,1051.5,1.67,0.09,8.999128625,-0.32753075,46.0283,-0.359741875,-0.2589375,-0.3555865,-0.4163474375,-0.113322875,-0.415596625,129.336,1.229875,11.956625,12.6449,-0.3360625,76.72325,9.0854375,-1,-1,-1,-1,-1,-1,22.56638875,0.46722675
S0020,16,180,178.8,14.01188125,35.68931975,-1,143.1085416667,1.0219166667,6.0945416667,16.1619583333,0.1641458333,1194.5,1051.5,1.67,0.09,6.851766125,-0.13545575,46.0283,-0.0197210417,0.2181458333,-0.0816031667,-0.2043536875,0.0401312917,-0.205434125,129.336,2.742375,14.794125,12.6449,0.0201875,94.0649166667,14.2916875,-1,-1,-1,-1,-1,-1,30.9291804167,0.6958850833
S0021,15,10,9.9,23.81985,36.56095035,-1,206.35,0.0495,0.269,0.135,0.0515,2394.15,2070.5,6.79,0.86,14.1073,0.05854,44.6722,0.0025,0.17,0.13658,0.00976,1.69756,0.02146,147.537,2.39,19.89,13.2429,0.22,103.64,17.3,-1,-1,-1,-1,-1,-1,39.1512,0.77073
S0022,15,40,39.7445887446,23.5794805195,36.5969647532,-1,206.3021645022,0.0504761905,0.2277056277,0.1337662338,0.0367532468,1204.55,1027.7,3.045,-0.07,8.7793073593,-0.1805497835,20.00295,-0.2750969697,-0.2138095238,-0.2173699134,0.00293,0.4434617749,-0.2662806926,72.9935,1.2903896104,13.6141558442,6.0005,-0.2470562771,82.1361038961,9.3064935065,-1,-1,-1,-1,-1,-1,16.7195,-0.114635
S0023,15,80,79.4,18.8009786667,36.488007912,-1,215.4490666667,-0.2342133333,-0.0649866667,0.0549333333,-0.2088533333,866.9533333333,755.7306666667,2.615,-0.125,3.8535309333,-0.6251061867,20.3122,-0.6358784,-0.6078666667,-0.61448584,-0.66569,-0.3479816,-0.63365424,73.385,0.1356,6.7206666667,6.1112,-0.62656,41.6437066667,3.93304,-1,-1,-1,-1,-1,-1,11.228944,-0.11138768
S0024,15,100,99.4,24.253912,36.874407512,-1,208.7024,0.09512,0.24568,0.0016,0.00848,1199.62,1030.264,2.615,-0.125,4.7842776,-0.46575552,20.3122,-0.5025984,-0.4012,-0.42755784,-0.66569,0.2432384,-0.49394624,73.385,0.6156,6.754,6.1112,-0.47456,48.00904,7.26504,-1,-1,-1,-1,-1,-1,17.554144,-0.10033168
S0025,15,160,158.8,16.4703066667,36.2589450533,-1,186.332,1.32,6.14,20.46,0.01,2324.7,2183.3,-1,-1,-1,-1,-1,-1,-1,-1,-1,-1,-1,-1,-1,-1,-1,-1,-1,-1,-1,-1,-1,-1,-1,-1,-1,-1
S0026,15,180,178.8,15.11964,35.82427972,-1,147.132,1.32,6.14,20.46,0.01,2324.7,2183.3,-1,-1,-1,-1,-1,-1,-1,-1,-1,-1,-1,-1,-1,-1,-1,-1,-1,-1,-1,-1,-1,-1,-1,-1,-1,-1
S0027,17,10,9.9,25.974325,35.93730005,48.775,205.15875,0.03425,0.26225,0,0.012375,1181.725,1022.65,0.8875,-0.5425,4.43153625,-0.6792065,10.250975,-0.71214,-0.672375,-0.686598,0.00195,-0.29250125,-0.704232125,33.32,-0.04575,5.79625,2.388525,-0.58,30.41925,4.469,-1,-1,-1,-1,-1,-1,7.24755,-0.5670725
S0028,17,40,39.7210300429,22.3767896996,36.2492787768,-1,207.5536480687,0.0361373391,0.2830042918,0.1789699571,0.0557939914,2342.6,2015.2,-1,-1,15.3756,0.13658,-1,0.0038,0.05,0.06244,0.00293,0.65366,0.00683,-1,2.04,20.69,-1,0.02,128.57001,11.72,-1,-1,-1,-1,-1,-1,35.122,2.2439
S0029,17,80,79.4,17.64116,36.40011924,-1,201.084,0.1868,1.0856,2.8748,0.28,1195.9,1049.25,-1,-1,7.3878,-0.42195,-1,-0.49815,-0.47,-0.474145,-0.49951,-0.182925,-0.4961,-1,0.55,10.025,-1,-0.485,64.75,5.655,-1,-1,-1,-1,-1,-1,15.89025,0.42683
S0030,17,100,99.4,11.6384,28.2102004,-1,93.66,0.776,4.402,14.516,-0.154,2313.8,2175.9,1.045,-0.335,1.812195,-0.47073,22.3117,-0.4336,-0.42,-0.441465,-0.49512,-0.30488,-0.49317,69.099,1.185,8.63,5.8488,-0.42,50.955,7.885,-1,-1,-1,-1,-1,-1,18.7049,-0.114635
S0031,17,160,158.8,17.1881627907,36.4254968047,-1,190.9604651163,0.2598604651,1.8662325581,4.9615813953,0.056744186,-1,-1,-1,-1,26.9366,0.14634,-1,0.0236,0.18,0.1639,0.00488,0.50732,0.00683,-1,2.17,21.47,-1,0.08,135.11,15.5,-1,-1,-1,-1,-1,-1,41.1707,1.7561
S0032,17,180,178.8,14.9393255814,35.8361954093,-1,142.8209302326,0.9017209302,5.1964651163,14.6871627907,0.0334883721,-1,-1,-1,-1,26.9366,0.14634,-1,0.0236,0.18,0.1639,0.00488,0.50732,0.00683,-1,2.17,21.47,-1,0.08,135.11,15.5,-1,-1,-1,-1,-1,-1,41.1707,1.7561
S0033,33,10,9.9,28.9296,32.1217017,-1,201.09,0.02,7.82,0,0.01,2145,1824.6,-1,-1,28.4878,0.20488,-1,0.0005,0.53,0.55024,0.02732,3.19024,0.02927,-1,2.16,9.94,-1,0.03,154.13,21.19,-1,-1,-1,-1,-1,-1,21.4634,1.46341
S0034,33,75,74.6015936255,27.4640677291,36.0483939223,91.1,184.5039840637,0.0397609562,1.5007968127,0.443625498,0.3180278884,1181.3856573705,1011.6591633466,-1,-1,15.5540860558,-0.4073927689,-1,-0.4996539841,-0.3555577689,-0.3899960359,-0.4975289243,-0.2546957171,-0.4937066135,-1,0.4705577689,6.6565139442,-1,-0.2111155378,67.1077888446,8.2301195219,-1,-1,-1,-1,-1,-1,17.6725565737,0.2293728884
S0035,33,100,99.4,26.5686,36.6690008,-1,196.08,0.02,0.9,0,0.038,2409.6,2054.9,-1,-1,29.3951,0.04878,-1,0.0005,0.22,0.19805,0.0078,1.39512,0.02537,-1,1.87,15.65,-1,0.03,125.95,18,-1,-1,-1,-1,-1,-1,43.4146,2.43902
S0036,33,150,149.1053677932,22.1702306163,36.9092764016,145.2,145.7143141153,0.2360636183,1.6856858847,4.517693837,0.0396421471,2418,2148.4,-1,-1,29.3951,0.04878,-1,0.0005,0.22,0.19805,0.0078,1.39512,0.02537,-1,1.87,15.65,-1,0.03,125.95,18,-1,-1,-1,-1,-1,-1,43.4146,2.43902
S0037,33,200,198.7105263158,17.695,36.3530653289,-1,122.3368421053,0.7309210526,3.7421052632,13.0552631579,0.0153947368,1188.3,1088.55,-1,-1,7.7836236842,-0.4434525,-1,-0.4475355263,-0.1971052632,-0.1984735526,-0.4807561842,-0.3968567105,-0.4858156579,-1,0.8547368421,9.4218421053,-1,-0.4473684211,66.1467056579,8.6115789474,-1,-1,-1,-1,-1,-1,16.1588394737,0.0844027632
S0039,35,10,9.9,28.629,35.8052992,-1,193.41,0.01,1.01,0,0.01,2343.5,1993.9,-1,-1,32.039,0.14634,-1,0.0016,0.76,0.62927,0.02341,2.25366,0.02146,-1,1.95,17.61,-1,0.04,126.83,21.91,-1,-1,-1,-1,-1,-1,-1,-1
S0040,35,75,74.5876777251,27.8664194313,36.2200970332,-1,199.091943128,0.01,1.1123222749,0,0.0156161137,1189.7,1008.55,-1,-1,15.087221564,-0.3004851185,-1,-0.4375353081,-0.2764691943,-0.3534841706,-0.4354630095,0.684717654,-0.4298754028,-1,0.6736018957,9.7290521327,-1,-0.4229146919,70.8479340047,10.0195260664,-1,-1,-1,-1,-1,-1,20.4253327014,0.5906263033
S0041,35,100,99.4084507042,26.3529859155,36.2725764648,-1,186.0971830986,0.0283098592,1.2,0.0915492958,0.2763380282,2380.9,2056.3,-1,-1,27.561,0.39024,-1,0.0023,0.14,0.10244,0.00293,1.7561,0.02049,-1,1.98,16.98,-1,0.09,119.04,16.42,-1,-1,-1,-1,-1,-1,33.9512,1.7561
S0042,35,150,149.1111111111,18.9433333333,36.4374083333,-1,122.1222222222,0.6559259259,3.3666666667,11.6555555556,0.04,1236.1777777778,1123.862962963,-1,-1,7.10975,-0.387805,-1,-0.4382,-0.205,-0.281465,-0.496585,-0.334145,-0.49805,-1,1.015,8.675,-1,-0.44,59.155,8.52,-1,-1,-1,-1,-1,-1,20.2317,0.231705
S0043,35,200,198.8073022312,12.3075314402,35.3444208783,-1,98.8208924949,1.5190669371,9.4503042596,24.5884381339,0.0104868154,1192.15,1088,-1,-1,9.5393853955,0.0476756187,-1,0.1991981744,0.8535902637,0.8878967343,0.0069478499,0.2203172617,-0.0102203854,-1,3.3809736308,19.5194523327,-1,0.2429614604,121.650851927,19.0668762677,-1,-1,-1,-1,-1,-1,39.3284732252,1.7189950507
S0044,31,10,9.9,29.11916,32.828819,-1,205.144,0.02,1.272,0,0.03,2192.5,1831.5,-1,-1,25.1122,0.1561,-1,0.0013,0.52,0.39122,0.0078,2.63415,0.01268,-1,1.74,13.86,-1,0.04,163.35001,22.43,-1,-1,-1,-1,-1,-1,-1,-1
S0045,31,75,74.5041322314,26.9291404959,36.6741414649,194.6,196.4566115702,0.0101033058,1.0061983471,0,0.0986570248,1186.35,1011.65,-1,-1,33.6951167355,0.1527982438,-1,-0.0084512397,0.4352272727,0.3779364256,0.0021680165,1.1797923554,-0.0005303926,-1,1.8812809917,19.6812603306,-1,0.0093595041,129.8583884298,17.6027066116,-1,-1,-1,-1,-1,-1,44.2702696281,1.9207321901
S0046,31,100,99.406374502,26.1296334661,36.9253824064,94.85,191.8486055777,0.0146812749,0.912749004,0.093625498,0.2627689243,1285.4428286853,1099.0011952191,-1,-1,15.72925,-0.441465,-1,-0.4991,0.35,-0.35951,-0.49805,-0.16829,-0.49561,-1,0.465,12.025,-1,2.61,63.115,8.51,-1,-1,-1,-1,-1,-1,18.57315,0.32927
S0047,31,150,149.008097166,22.9849068826,37.139891668,94.85,164.4607287449,0.0786842105,0.9979757085,1.7655870445,0.0543522267,2403.4188259109,2111.7388663968,-1,-1,15.72925,-0.441465,-1,-0.4991,0.35,-0.35951,-0.49805,-0.16829,-0.49561,-1,0.465,12.025,-1,2.61,63.115,8.51,-1,-1,-1,-1,-1,-1,18.57315,0.32927
S0048,31,200,198.7139959432,20.4135091278,36.9367874483,-1,157.6152129817,0.2177687627,1.3336713996,4.8030425963,0.0213995943,1206.75,1072.95,-1,-1,10.4170659229,-0.4350184381,-1,-0.4681947262,-0.2720081136,-0.2646763692,-0.4724090669,-0.3483203448,-0.4749128803,-1,0.6805476673,11.1469776876,-1,-0.440040568,67.933306288,8.0607910751,-1,-1,-1,-1,-1,-1,22.4450107505,0.5636467546
S0049,8,30,29.7672413793,8.4810517241,34.7839217414,-1,280.6724137931,0.5200862069,2.8413793103,7.3586206897,0.1621551724,2349.4,2053.6,-1,-1,1.33659,0.02927,-1,0.1479,0.09,0.07415,0.00195,0.66342,0.00878,-1,3.55,22.27,-1,0.29,141.71001,27.45,-1,-1,-1,-1,-1,-1,34.9268,1.7561
S0050,8,65,64.3783783784,4.7214189189,34.6480661757,-1,282.9445945946,0.8368918919,5.4905405405,11.477027027,0.2160810811,2307.1648648649,2137.6054054054,-1,-1,-1,-1,-1,-1,-1,-1,-1,-1,-1,-1,-1,-1,-1,-1,-1,-1,-1,-1,-1,-1,-1,-1,-1,-1
S0051,8,75,74.3684210526,13.4943684211,35.4533154737,-1,256.5157894737,0.3189473684,2.23,3.8842105263,0.0831578947,2338.3,2092.6842105263,-1,-1,-1,-1,-1,-1,-1,-1,-1,-1,-1,-1,-1,-1,-1,-1,-1,-1,-1,-1,-1,-1,-1,-1,-1,-1
S0052,8,115,114.0438247012,7.6367978088,35.0061209522,-1,257.4280876494,0.755747012,5.2332868526,10.6547609562,0.1566334661,1153.05,1075.85,2.13,0.47,1.5097020717,-0.3462960259,43.9971,-0.2783055777,0.4663346614,0.6211511255,-0.3112237251,-0.0018817032,-0.3574128187,142.36099,1.8110956175,13.6543924303,12.878,-0.107310757,79.1999103586,13.0585657371,-1,-1,-1,-1,-1,-1,24.7065666335,0.5530223705
S0053,8,135,133.9641434263,12.4358017928,35.4431719482,-1,237.4679282869,0.4589342629,2.727310757,5.9097410359,0.080936255,1153.05,1075.85,2.13,0.47,2.9488255777,-0.1490350697,43.9971,-0.1190227092,1.7093625498,2.093117261,-0.0469169522,0.2964350299,-0.157239512,142.36099,2.3091035857,15.4691334661,12.878,0.0241633466,90.7955278884,12.5884462151,-1,-1,-1,-1,-1,-1,33.0604909363,0.6628271514
S0054,8,185,183.5322245322,11.8499043659,35.3757449272,-1,239.6403326403,0.5226819127,3.03002079,6.9412474012,0.0518918919,-1,-1,3.43,0.45,4.2044720998,0.02927,43.1941,0.0801702703,2.9374636175,4.1598485863,0.0349460083,0.5038470062,0.0095090644,142.584,3.0486902287,20.857983368,12.8039,0.3004573805,116.0537629938,17.4251975052,-1,-1,-1,-1,-1,-1,41.8918097713,1.2138962578
S0055,8,235,233.0311850312,11.7725218295,35.3911151892,-1,237.8877338877,0.578024948,3.4403534304,7.9129313929,0.0346777547,1975.4632016632,1784.4212058212,-1,-1,0.660975,-0.45122,-1,-0.38625,-0.34,-0.314635,-0.497075,-0.256095,-0.49805,-1,1.39,13.215,-1,-0.11,71.115,12.76,-1,-1,-1,-1,-1,-1,19.89025,0.52439
S0057,18,40,39.6859504132,19.3224545455,36.6286043058,-1,212.4809917355,0.0157024793,0.4140495868,0,0.0085950413,2394.3,2080.6,-1,-1,17.9707,0.34146,-1,0.0019,0.04,0.08878,0.00585,0.75122,0.00293,-1,2.15,19.69,-1,0.06,132.39999,12.75,-1,-1,-1,-1,-1,-1,33.561,2.2439
S0058,18,65,64.6633663366,25.7811386139,36.5076930693,191,193.3108910891,0.1126732673,0.5386138614,0.0256435644,0.0673267327,2388.4,2063.7,7.01,0.84,14.0195,0.01951,41.8517,0.0022,0.13,0.0878,-1,1.31707,0.02732,136.08701,2.26,16.06,13.2302,0.11,100,15.36,-1,-1,-1,-1,-1,-1,33.4146,0.84878
S0059,18,75,74.5454545455,21.8582727273,36.5674534545,-1,198.6272727273,0.0709090909,0.6,0.2363636364,0.15,2392,2065.1,-1,-1,17.6976,0.18537,-1,0.0041,0.12,0.08683,0.0078,0.72195,0.0078,-1,2.18,22.14,-1,0.06,135.98,13.22,-1,-1,-1,-1,-1,-1,38.5366,2.14634
S0060,18,115,114.1746361746,17.3604407484,36.2910004927,-1,188.9675675676,0.2871517672,1.8906444906,4.8338877339,0.0423908524,1162.3,1072.95,0.245,-0.385,16.6466959044,0.0820129938,22.0883,-0.103275052,0.1357588358,0.0638230977,0.00488,0.3470503742,-0.1229191268,65.1035,1.939043659,17.8207068607,5.9205,-0.0403326403,115.2368116632,12.4363409563,-1,-1,-1,-1,-1,-1,33.5238330561,1.5741080042
S0061,18,185,183.8316008316,14.7203076923,35.6828139688,145.5,164.9808731809,0.8329106029,4.973991684,12.9943451143,0.0294802495,2343.0474012474,2141.5762993763,-1,-1,-1,-1,-1,-1,-1,-1,-1,-1,-1,-1,-1,-1,-1,-1,-1,-1,-1,-1,-1,-1,-1,-1,-1,-1
S0062,18,235,233.5,13.6105930233,35.512396593,-1,131.7290697674,1.1681395349,7.1668604651,18.7476744186,0.0173255814,2391.9,2103.9,2.62,0.29,6.82927,0.0878,43.1444,0.2953,1.21,1.05366,0.02927,0.22439,0.00488,131.847,3.93,16.76,12.8371,0.4,107.45,18.77,-1,-1,-1,-1,-1,-1,38.0195,0.84878
S0063,18,285,283.1,12.7608367347,35.4712870653,-1,151.2020408163,1.1419591837,8.2556428571,18.4097346939,0.023622449,1579.3320408163,1443.2037755102,-0.03,-0.46,1.968295,-0.460975,23.5517,-0.2924,0.025,-0.012195,-0.49512,-0.412195,-0.499025,64.0305,1.805,7.375,5.86925,-0.195,56.87,8.855,-1,-1,-1,-1,-1,-1,18.82685,-0.07073
S0064,3,40,39.6810344828,15.3389224138,34.9123363966,-1,232.2448275862,0.3822413793,1.0167241379,3.6869827586,0.0540517241,-1,-1,2.1343103448,0.2862931034,3.2367535345,0.0545855172,47.8825568966,0.021875,0.1332758621,0.0891464655,0.00976,1.6121100862,0.0182511207,130.899317069,3.5426724138,14.8392241379,12.3438025862,0.3267241379,106.3146551724,12.85,-1,-1,-1,-1,-1,-1,31.9883887931,0.6486982759
S0065,3,62,61.5123966942,14.4164958678,35.3987019174,-1,216.7280991736,0.5484710744,1.9807438017,6.5197933884,0.0412396694,1824.1805785124,1644.4962809917,0.83,-0.295,1.80244,-0.4561,22.7595,-0.4735,-0.38,-0.42195,-1,-0.22195,-0.49366,64.29,1.295,6.225,5.601,-0.29,53.115,6.445,-1,-1,-1,-1,-1,-1,20.55855,-0.109755
S0066,3,85,84.2231404959,8.0963553719,35.0211116467,-1,262.1997933884,0.8508057851,4.1891735537,12.4779338843,0.1285123967,1155.55,1073.1,1.5,0.26,2.0105928099,-0.2763258058,46.2205,-0.2128826446,-0.106446281,-0.066503657,-0.2994515909,0.0004724587,-0.3059012397,127.302,2.2323347107,14.473677686,12.1161,-0.0993595041,84.1639225413,12.1722933884,-1,-1,-1,-1,-1,-1,47.0244,0.94634
S0067,3,109,108.0413223141,13.3246198347,35.3163218079,-1,226.527892562,0.6242768595,2.2149793388,7.8656404959,0.0285330579,2332.1,2108.5,-0.31,-0.01,4.37073,0.06829,52.1385,0.1257,0.33,0.28293,0.00976,0.42927,0.0039,129.58,3.87,13.06,12.2878,0.39,104.7,12.87,0.66663,0.08946,2.29268,0.06507,0.29358,0.00601,40.3902,0.74146
S0068,3,135,133.826446281,11.8913966942,35.061154907,-1,224.4328512397,0.8230371901,3.1120867769,11.2553099174,0.023161157,2332.1,2108.5,-0.31,-0.01,4.37073,0.06829,52.1385,0.1257,0.33,0.28293,0.00976,0.42927,0.0039,129.58,3.87,13.06,12.2878,0.39,104.7,12.87,0.66663,0.08946,2.29268,0.06507,0.29358,0.00601,40.3902,0.74146
S0069,3,185,183.3022312373,8.7661460446,34.9123827079,-1,244.8028397566,1.0131845842,5.1586206897,14.8012170385,0.0404462475,-1,-1,1.72,0.16,4.0876463692,0.0492153144,48.5649,0.1963681542,0.2936308316,0.2314771602,0.0070985801,0.3869174848,0.0039435091,127.953,4.1125760649,19.1190466531,12.3532,0.5835699797,125.3747227586,18.8697971602,-1,-1,-1,-1,-1,-1,40.6341,0.8
S0070,3,235,232.8350305499,7.3088401222,34.7035027047,-1,253.383503055,1.1884114053,6.3013136456,17.6562830957,0.0275152749,1554.0644602851,1447.2183299389,-0.38,-0.54,1.45122,-0.48049,26.5034,-0.34135,-0.255,-0.30488,-0.490245,-0.334145,-0.499025,63.293,1.98,6.365,5.68295,0.065,55.245,6.29,0.134145,-0.439025,0.69512,-0.45527,-0.370465,-0.498705,20.37805,-0.139025
S0071,3,289,286.3273453094,6.4836087824,34.5411408513,-1,250.524750499,1.368742515,7.6429341317,20.3872854291,0.0254690619,1144.6846307385,1071.8067864272,-0.73,-0.55,1.2453963772,-0.486243014,27.62245,-0.3279366267,-0.2818762475,-0.286281507,-0.495253992,-0.3554110279,-0.4978245409,62.7495,1.8531536926,8.4951996008,5.49855,-0.1208183633,58.9977558583,7.5991916168,-1,-1,-1,-1,-1,-1,20.9439,-0.090245
S0072,20,40,50,19.676625,36.667250125,-1,217.4,-1,-1,-1,-1,-1,-1,-1,-1,-1,-1,-1,-1,-1,-1,-1,-1,-1,-1,-1,-1,-1,-1,-1,-1,-1,-1,-1,-1,-1,-1,-1,-1
S0073,20,75,74.333566108,19.4386846444,36.6450063496,-1,217.5345013634,1.1757142857,13.2285714286,18.2142857143,0.0071428571,-1,-1,-1,-1,-1,-1,-1,-1,-1,-1,-1,-1,-1,-1,-1,-1,-1,-1,-1,-1,-1,-1,-1,-1,-1,-1,-1,-1
S0074,20,100,99.0513268156,19.2096694371,36.6204500462,-1,218.1271934856,1.1757142857,13.2285714286,18.2142857143,0.0071428571,-1,-1,-1,-1,-1,-1,-1,-1,-1,-1,-1,-1,-1,-1,-1,-1,-1,-1,-1,-1,-1,-1,-1,-1,-1,-1,-1,-1
S0075,20,135,133.6561918063,18.8890481469,36.5860712214,-1,218.9569624568,1.1757142857,13.2285714286,18.2142857143,0.0071428571,-1,-1,-1,-1,-1,-1,-1,-1,-1,-1,-1,-1,-1,-1,-1,-1,-1,-1,-1,-1,-1,-1,-1,-1,-1,-1,-1,-1
S0076,20,185,183.0917132216,18.4310177324,36.5369586146,-1,220.1423467013,1.1757142857,13.2285714286,18.2142857143,0.0071428571,-1,-1,-1,-1,-1,-1,-1,-1,-1,-1,-1,-1,-1,-1,-1,-1,-1,-1,-1,-1,-1,-1,-1,-1,-1,-1,-1,-1
S0077,20,235,232.5272346369,17.9729873179,36.4878460077,-1,221.3277309457,1.1757142857,13.2285714286,18.2142857143,0.0071428571,-1,-1,-1,-1,-1,-1,-1,-1,-1,-1,-1,-1,-1,-1,-1,-1,-1,-1,-1,-1,-1,-1,-1,-1,-1,-1,-1,-1
S0078,20,320,316.5676210428,17.1943356133,36.4043545761,-1,223.3428841613,1.1757142857,13.2285714286,18.2142857143,0.0071428571,-1,-1,-1,-1,-1,-1,-1,-1,-1,-1,-1,-1,-1,-1,-1,-1,-1,-1,-1,-1,-1,-1,-1,-1,-1,-1,-1,-1
S0079,20,375,370.9466945996,16.6905021573,36.3503307086,-1,224.6468068303,1.1757142857,13.2285714286,18.2142857143,0.0071428571,-1,-1,-1,-1,-1,-1,-1,-1,-1,-1,-1,-1,-1,-1,-1,-1,-1,-1,-1,-1,-1,-1,-1,-1,-1,-1,-1,-1
S0080,20,500,494.5354981378,15.5454261211,36.2275491915,-1,227.6102674415,1.1757142857,13.2285714286,18.2142857143,0.0071428571,-1,-1,-1,-1,-1,-1,-1,-1,-1,-1,-1,-1,-1,-1,-1,-1,-1,-1,-1,-1,-1,-1,-1,-1,-1,-1,-1,-1
S0081,20,1060,1048.2133379888,10.4154854786,35.6774879951,-1,240.8865709796,1.1757142857,13.2285714286,18.2142857143,0.0071428571,-1,-1,-1,-1,-1,-1,-1,-1,-1,-1,-1,-1,-1,-1,-1,-1,-1,-1,-1,-1,-1,-1,-1,-1,-1,-1,-1,-1
S0082,10,40,39.7359307359,22.3037943723,35.7607041039,-1,229.0268398268,0.0082034632,0.3522727273,0,0.01,1170.55,1015.95,3.8037012987,-0.071991342,2.7446854978,-0.1611319697,31.1163385281,-0.1770363636,-0.1178571429,-0.1016036797,-0.49512,0.5991896104,-0.1654226623,120.8185042424,1.8706709957,17.2968614719,10.2017177489,-0.0701948052,74.8488095238,8.9964935065,-1,-1,-1,-1,-1,-1,30.2318467532,0.457870303
S0083,10,75,74.5019920319,18.0816653386,35.8722768406,-1,236.7247011952,0.0455776892,0.5237450199,0.0657370518,0.0037848606,2359.7725099602,2074.5059760956,-1,-1,-1,-1,-1,-1,-1,-1,-1,-1,-1,-1,-1,-1,-1,-1,-1,-1,-1,-1,-1,-1,-1,-1,-1,-1
S0084,10,90,89.2072072072,10.8637252252,35.249001,-1,230.845045045,0.5456756757,3.1423423423,7.6599099099,0.2643243243,2328.4,2127.3,-1,-1,2.6439,0.04878,-1,0.0842,0.12,0.10146,0.00293,0.80976,0.00683,-1,3.21,19.43,-1,0.11,147.10001,26.05,-1,-1,-1,-1,-1,-1,-1,-1
S0085,10,110,109.1741176471,16.8947717647,35.8140305882,-1,230.4181176471,0.1046823529,0.8579529412,0.6056470588,0.0310352941,-1,-1,3.85,0.1,3.5438083059,0.0570248471,39.798,0.0097287059,0.2034588235,0.1643316235,0.01268,0.7019347765,0.0114066588,146.07201,2.8248470588,18.7747294118,12.6039,0.1155294118,96.0945882353,11.4004235294,-1,-1,-1,-1,-1,-1,41.9805,0.81951
S0086,10,185,183.3333333333,9.462,35.0979996667,-1,195.1,0.9933333333,7.6666666667,15.4,0.0533333333,1545.5,1434.7666666667,-1,-1,4.661,-0.417075,-1,-0.37745,-0.185,-0.210245,-0.49756,-0.260975,-0.498535,-1,1.405,10.68,-1,-0.11,72.65,13.44,-1,-1,-1,-1,-1,-1,-1,-1
S0087,10,235,232.9672489083,10.5325262009,35.1798093592,106.1,183.1700873362,0.9627074236,7.6583733624,14.5592358079,0.0299781659,1170.35,1051.95,1.56,-0.435,6.8052267576,-0.1345281004,20.42925,0.0284173581,0.4125545852,0.4006655895,0.03415,0.1774768559,-0.1595593341,72.343,2.9777292576,18.3005786026,5.7873,0.4323799127,113.5031550218,21.1168122271,-1,-1,-1,-1,-1,-1,19.15365,-0.041465
S0089,10,420,416.087408949,6.4208626431,34.8900465338,-1,199.3261706556,1.2537044745,10.9452653486,19.076508845,0.0281113424,1148.75,1070.5,-0.68,-0.66,7.6794001821,0.0089528304,21.999,0.2030709157,0.7445005203,0.7315917066,0.01561,0.2447242144,-0.0602097138,71.692,3.7264828304,25.2259521332,5.8327,1.0526118626,133.5382414152,25.0623673257,-1,-1,-1,-1,-1,-1,19.6073,-0.0561
S0090,16,40,39.7402597403,24.5579350649,36.490634961,-1,203.2363636364,0.0558441558,0.4283116883,0.0402597403,0.0380519481,-1,-1,7.36,0.89,14.9857402597,0.1054146753,42.2137,0.0027051948,0.0818181818,0.061161039,0.0411911688,1.2192593506,0.023375974,136.229,2.29,18.8381818182,12.9522,0.065974026,116.488961039,15.0405194805,-1,-1,-1,-1,-1,-1,35.9833103896,1.1296792208
S0091,16,60,59.6,22.0814636364,36.6133630273,-1,208.4654545455,0.0434545455,0.4648181818,0.1218181818,0.0543636364,-1,-1,7.58,0.87,14.8557118182,0.1722361818,42.1424,0.0024045455,0.1142727273,0.2559827273,0.01268,1.0808863636,0.015479,137.47,2.2634545455,19.2225454545,13.4517,0.0373636364,122.1138242727,13.5396363636,-1,-1,-1,-1,-1,-1,32.9366081818,1.6009749091
S0092,16,90,89.4,20.5221166667,36.483611925,-1,190.3633333333,0.03,0.6,0.5,0.13,-1,-1,-1,-1,15.4146,0.19512,-1,0.004,0.06,0.06439,0.00195,0.72195,0.00683,-1,2.29,21.89,-1,0.03,135.8,12.57,-1,-1,-1,-1,-1,-1,32.0976,1.7561
S0093,16,115,114.3664122137,20.4254478372,36.1991033257,-1,148.0073791349,0.651653944,2.2644274809,6.9119592875,0.2276081425,1166.85,1089.6,4.4036132316,0.5119592875,5.7629502799,0.0680396438,40.5792531807,-0.0309035623,0.0651399491,0.0575692875,-0.0467660051,0.8853964631,-0.0379984478,128.4247238931,2.5275063613,14.1538422392,12.2693142494,0.0306615776,89.9534605598,14.0092366412,-1,-1,-1,-1,-1,-1,34.1388554707,0.7025136896
S0094,16,135,134.213740458,17.8274834606,35.8950320789,-1,125.7681933842,0.9773536896,3.9209160305,13.4208651399,0.125826972,1166.85,1089.6,2.2382188295,0.0208651399,3.5324515522,-0.24350743,28.7244949109,-0.2663743003,-0.1842239186,-0.0355248601,-0.3037023919,0.253607659,-0.2994004835,93.087059771,1.6979898219,10.1258524173,8.571197201,-0.2390585242,66.6964631043,10.551221374,-1,-1,-1,-1,-1,-1,25.2354712468,0.2593940967
S0095,16,185,183.8,13.355475,35.540726,-1,132.1658333333,1.1823333333,7.0018333333,18.5921666667,0.1334166667,1194.5,1051.5,1.67,0.09,6.3149255,-0.087437,46.0283,0.0652841667,0.3374166667,-0.0131073333,-0.15135525,0.0784948333,-0.1528935,129.336,3.1205,15.5035,12.6449,0.10925,98.4003333333,15.59325,-1,-1,-1,-1,-1,-1,33.0198783333,0.7530496667
S0096,16,235,233.4655532359,12.7548308977,35.4831429624,-1,134.4507306889,1.2312943633,8.0486430063,19.520960334,0.0988935282,1150.9,1102.9,-0.1,-0.48,8.7944663466,-0.2016910856,23.27075,-0.1909221294,-0.024217119,-0.0363148225,-0.3200280376,-0.0416804384,-0.3241841127,64.081495,1.9239039666,12.5339248434,5.7034,-0.1599373695,84.8408176409,11.2714822547,0.32927,-0.443075,1.142295,-0.45122,-0.405025,-0.499585,26.7034215031,0.6257663466
S0097,16,265,263.0245398773,15.4956196319,36.0962248037,46.65,175.8401840491,0.6131288344,4.3671779141,10.4220858896,0.0287730061,1183.268404908,1066.0147239264,0.06,-0.515,9.8423119632,-0.3958237423,23.65465,-0.4320668712,-0.3276993865,-0.3622709816,-0.49951,-0.2870406135,-0.495718773,64.401495,0.9607055215,9.5259509202,5.74245,-0.4050613497,67.2525460123,7.8708895706,-1,-1,-1,-1,-1,-1,19.7809877301,0.461543865
S0098,24,38,37.7510373444,26.2035767635,36.6094608465,108.5,205.9410788382,0.02,0.9265560166,0.0755186722,0.02,1203.9,1026.35,-1,-1,33.1979585062,-0.0175870124,-1,-0.2443846473,0.6022821577,0.6657941079,-0.2376244398,2.302659917,-0.2169142739,-1,1.325560166,15.2889626556,-1,-0.2146058091,102.6305809129,12.2098340249,-1,-1,-1,-1,-1,-1,33.4889991701,1.2266980913
S0099,24,72,71.5277777778,24.1589027778,36.8403059167,108.5,210.3097222222,0.02,0.8069444444,0.05,0.0243055556,1204.5027777778,1029.4069444445,-1,-1,19.1203291667,-0.4331975,-1,-0.4999222222,-0.24125,-0.2561120833,-0.4976954167,0.6494577778,-0.4900415278,-1,0.5169444444,9.1986111111,-1,-0.4843055556,64.7456901389,6.5169444444,-1,-1,-1,-1,-1,-1,22.5812972222,0.57317
S0100,24,90,89.3632075472,23.3625400943,36.8424735307,-1,210.5945754717,0.02,0.7316037736,0.0158018868,0.0284198113,1204.6,1029.9,-1,-1,31.7896896226,0.2223545047,-1,-0.1577978774,0.2187735849,0.2271371698,-0.1519128302,1.5270048821,-0.1362500708,-1,1.5564622642,15.8823113208,-1,-0.1395990566,109.1796682311,11.3729716981,-1,-1,-1,-1,-1,-1,38.3113945755,1.7158862736
S0101,24,135,134.0583090379,22.1473527697,36.8643016793,205.8,206.5688046647,0.02,0.7527696793,0.0472303207,0.0294460641,2412.4,2075.2,-1,-1,31.6585,0.19512,-1,0.0005,0.26,0.26732,0.00488,1.22927,0.01073,-1,1.95,20.16,-1,0.04,127.71,13.56,-1,-1,-1,-1,-1,-1,44.6829,1.85366
S0102,24,185,183.7097415507,20.7623300199,36.7966776093,-1,194.8530815109,0.0295129225,0.7951292247,0.7976143141,0.0495129225,1201,1055.2,-1,-1,20.1208154076,-0.1621917097,-1,-0.3165022863,-0.0412425447,-0.0674143738,-0.312528171,0.3243817893,-0.3110065507,-1,1.0589562624,14.5220079523,-1,1.8728230616,88.3296719682,9.1079522863,-1,-1,-1,-1,-1,-1,31.6509889662,1.0415798608
S0103,24,235,233.3441295547,19.6286639676,36.7066897429,-1,186.7898785425,0.0765789474,1.0099190283,2.2234817814,0.032611336,1201,1055.2,-1,-1,21.8393702429,-0.0390934818,-1,-0.1750022267,0.1400202429,0.0989759919,-0.1748380162,0.0661080972,-0.1764367004,-1,1.5972672065,17.2765587045,-1,1.0877327935,108.6684008097,11.7021862348,-1,-1,-1,-1,-1,-1,41.397632996,2.2035636842
S0104,24,286,283.9338842975,18.8489421488,36.6310957025,-1,194.0438016529,0.1133057851,1.1665289256,2.9330578512,0.02,2397.6,2115.5,-1,-1,27.8146,0.11707,-1,0.0105,0.3,0.26244,0.00488,0.32195,0.00976,-1,2.17,21.33,-1,0.08,135.85001,14.59,-1,-1,-1,-1,-1,-1,-1,-1
S0105,14,40,39.6666666667,17.521,36.4633343333,-1,211.7333333333,0.07,0.7,1.3,0.24,2388.9,2100.2,-1,-1,14.6439,0.21463,-1,0.0056,0.05,0.06439,0.00098,0.82927,0.00585,-1,2.16,22.31,-1,0.04,128.64,13.37,-1,-1,-1,-1,-1,-1,32.7805,1.65854
S0106,14,70,69.6153846154,25.907,37.159154,-1,211.3153846154,0.1153846154,0.4846153846,0,0.01,2439.9,2089.8,7.47,0.97,13.0927,0.14634,43.038,0.0013,0.07,0.09756,0.00976,1.6878,0.02244,144.821,2.32,15.91,13.2351,0.02,101.53,16.44,-1,-1,-1,-1,-1,-1,38.7024,0.77073
S0107,14,100,99.4,19.3488,29.4841996,-1,171.22,-0.108,0.234,-0.2,-0.192,2434.9,2093,2.845,-0.04,3.10488,-0.48049,21.2322,-0.4993,-0.29,-0.3,-0.490245,0.158535,-0.485855,73.374495,0.705,7.215,6.14195,-0.49,45,5.81,0.58537,0.09756,2.14634,0.08946,0.06912,0.00176,17.3927,-0.12927
S0108,14,115,114.1725571726,18.9396424116,36.5806497277,-1,210.651975052,0.0856756757,0.6246985447,0.7255717256,0.1633471933,2398.5072765073,2100.1284823285,-1,-1,13.8244,0.21463,-1,0.0053,0.11,0.18537,0.00878,0.77073,0.01463,-1,2.1,23.68,-1,0.06,127.03,13.25,-1,-1,-1,-1,-1,-1,35.2195,1.85366
S0109,14,135,134.130977131,21.1633430353,36.7619387089,-1,205.5792099792,0.1397297297,0.6621205821,0.3097713098,0.0926611227,2411.3970893971,2104.8686070686,-1,-1,13.8244,0.21463,-1,0.0053,0.11,0.18537,0.00878,0.77073,0.01463,-1,2.1,23.68,-1,0.06,127.03,13.25,-1,-1,-1,-1,-1,-1,35.2195,1.85366
S0110,14,185,183.5147679325,17.0892531646,36.4129288439,-1,201.3160337553,0.1912236287,1.4417721519,3.7105485232,0.0945147679,2386.1911392405,2110.8109704641,-1,-1,21.7608172996,0.3079540506,-1,0.0265687764,0.1499156118,0.1249162447,0.0034894937,0.5814519409,0.0048896624,-1,2.2369620253,22.9888185654,-1,0.0271308017,128.113073038,14.778185654,-1,-1,-1,-1,-1,-1,37.6585,1.65854
S0111,14,235,233.5010141988,15.1166085193,35.5318522394,-1,154.7105476673,0.9482758621,4.0937829615,13.3057505071,0.02336714,1159.45,1080.8,1.7126166329,-0.107515213,1.6180539554,-0.2892838641,28.0240121704,-0.2895564909,0.0444117647,0.0254853854,-0.3251198377,-0.1026309229,-0.3257550507,93.6255436105,1.6653752535,11.3244016227,8.206726572,-0.2749087221,63.4140973631,9.3026673428,0.05283,-0.434975,0.84961,-0.45527,-0.45684,-0.498705,28.3420247465,0.2751664604
S0112,14,285,282.9637526652,13.7334968017,35.5740788038,-1,145.18891258,1.0687846482,5.7865458422,16.5153731343,0.0236247335,2336.1780383795,2161.8695095949,-1,-1,24.9854,0.10732,-1,0.037,0.21,0.19122,0.00293,0.56585,0.00293,-1,2.34,24.64,-1,0.1,130.34,15.78,-1,-1,-1,-1,-1,-1,-1,-1
S0114,1,30,29.7603305785,9.4335371901,33.9906037107,-1,289.2016528926,2.1399173554,0.0238016529,13.4545454545,0.0417355372,2277.6,2093.4,-2.11,-0.26,4.28293,0.02927,44.281,0.0697,0.37,0.30244,-1,0.0878,0.00488,118.862,4.83,13.45,11.8537,0.09,114.4,10.66,-1,-1,-1,-1,-1,-1,23.7171,0.56585
S0115,1,58,57.5112107623,9.20117713,34.4170135269,-1,287.9,2.34,0,13.86,0.01,-1,-1,-2.16,-0.26,5.47317,0.05854,52.2449,0.1557,0.43,0.3624289462,0.0094699552,0.0878,0.00098,116.636,4.82,10.06,11.8576,0.18,112.09,10.1,-1,-1,-1,-1,-1,-1,26.5171,0.61463
S0116,1,90,89.1818181818,5.9745454545,34.4114992727,-1,214.25,0.9490909091,4.5654545455,16.7277272727,0.0409090909,1654.8,1552.8681818182,-1,-1,-1,-1,-1,-1,-1,-0.1008133333,-0.3297566667,-1,-1,-1,-1,-1,-1,-1,-1,-1,0.78049,0.11385,2.7642,0.08127,0.93265,0.01036,-1,-1
S0117,1,110,109.0116504854,4.5484048544,34.036746867,-1,298.3494174757,2.2049417476,6.8191067961,23.0630679612,0.0208834951,1137.65,1072.25,-2.5540582524,-0.4400776699,2.3135493204,-0.0286788932,62.6765267961,0.3418746602,0.2101650485,0.1859602233,-0.0785903981,0.0637100097,-0.0866574951,104.4251281553,4.7242815534,10.7559514563,10.7255587379,0.5836990291,107.9780873786,11.919407767,-1,-1,-1,-1,-1,-1,39.108465534,0.7264640971
S0118,1,135,133.7689320388,4.0962203883,34.0607767214,-1,297.1115533981,2.0811553398,9.9210485437,24.5824854369,0.0233106796,1137.65,1072.25,-2.4278446602,-0.6051262136,1.2183551456,-0.2950769515,44.8834685437,-0.0057224272,-0.0641067961,-0.0804402621,-0.3213112718,-0.2168943592,-0.3300846796,78.1974582524,3.1975825243,7.7777961165,7.594126699,0.3191359223,79.5387669903,8.7859126214,-1,-1,-1,-1,-1,-1,28.4039752427,0.2564204078
S0119,1,185,183.3360323887,3.4904757085,34.0689218927,-1,294.9301619433,2.0147975709,13.8683805668,26.316417004,0.0217004049,1138.2769230769,1074.1637651822,-1.64048583,-0.6573076923,0.5172612955,-0.4740491903,32.7058566802,-0.2383121457,-0.2978947368,-0.3012629555,-0.4934621053,-0.4186325101,-0.4991899393,60.0202105263,2.1943927126,5.7214979757,5.3644301619,0.204291498,60.7975708502,6.7963765182,-1,-1,-1,-1,-1,-1,20.6542777328,-0.0675128947
S0120,1,285,282.3762376238,2.8872336634,34.0862470158,-1,278.4891089109,1.3748118812,21.2132475248,28.6458811881,0.1088910891,1139.25,1078.55,-1.6854455446,-0.3957029703,2.0844704554,-0.1601660198,56.041810099,0.3111362376,0.1809306931,0.1561487723,-0.168197703,-0.0637281584,-0.1747430099,95.9756178218,4.6787524752,9.3246930693,9.538199802,1.6526732673,105.3798351089,12.8228910891,0.22356,-0.42278,1.085365,-0.45122,-0.46544,-0.496995,33.4285009901,0.4718181584
S0122,4,40,39.6764705882,14.8079117647,34.5294997647,245.7,247.1205882353,0.4067647059,0,2.0197058824,0.2191176471,2303.5,2039,-0.05,-0.01,1.38537,0.00976,40.0185,0.0107,0.05,0.02927,0.00976,0.58537,0.01561,128.58299,3.65,11.3,12.1278,0.12,91.48,11,0.2439,0.05688,0.08127,0.04068,0.01731,-1,29.0634,0.50732
S0123,4,66,65.4554455446,10.7042574257,34.547960396,-1,250.2049504951,0.829009901,0.8421782178,9.5176237624,0.4318811881,2298.6,2086.5,-0.63,-0.03,0.70244,0.01951,58.4039,0.0281,0.18,0.1561,0.00976,0.68293,0.00976,132.213,4.1,12.55,12.0254,0.22,105.11,12,-1,-1,-1,-1,-1,-1,38.2829,0.65366
S0124,4,90,89.2809917355,8.815661157,34.5286684215,-1,256.6082644628,1.0176033058,2.5724793388,13.767107438,0.0240495868,2292.6454545455,2117.5801652893,-1,-1,-1,-1,-1,-1,-1,-1,-1,-1,-1,-1,-1,-1,-1,-1,-1,-1,0.81298,0.12195,1.28459,0.08127,0.06912,0.00083,-1,-1
S0125,4,111,110.1051546392,8.6745793814,34.5242428577,-1,256.5742268041,1.0584536082,2.8598762887,14.3187216495,0.02,2291.6,2125.3,-0.64,-0.06,1.31707,0.00976,54.9873,0.0454,0.17,0.14634,0.00976,0.67317,0.01463,130.901,4.26,14.75,12.1522,0.27,109.17,12.82,-1,-1,-1,-1,-1,-1,38.5366,0.67317
S0126,4,135,133.8577319588,8.3395690722,34.5222624866,-1,257.8113402062,1.1326804124,3.537814433,15.7240824742,0.02,2291.6,2125.3,-0.64,-0.06,1.31707,0.00976,54.9873,0.0454,0.17,0.14634,0.00976,0.67317,0.01463,130.901,4.26,14.75,12.1522,0.27,109.17,12.82,-1,-1,-1,-1,-1,-1,38.5366,0.67317
S0127,4,185,183.4271255061,7.5929291498,34.4578667611,-1,254.5751012146,1.5861336032,9.8401417004,22.9118623482,0.02,-1,-1,-1.372854251,-0.2622469636,1.7922391903,0.0257105466,52.8279178138,0.2695789474,0.2980566802,0.2437447368,0.00976,0.3835110526,0.0041694737,130.7967806275,4.8151214575,11.5407489879,12.1863645749,0.3141093117,111.9508097166,13.0745748988,-1,-1,-1,-1,-1,-1,41.0922777328,0.6869370445
S0128,4,238,235.9405940594,5.8248207921,34.2687733356,-1,248.5765346535,1.6493861386,8.4234158416,24.4397128713,0.0092178218,1460.2542574258,1375.5573267327,-1.835,-0.855,0.32439,-0.485365,28.1161,-0.2647,-0.405,-0.412195,-1,-0.392685,-0.49756,63.629,2.05,5.005,5.5888,-0.15,54.53,5.84,0.17478,-0.42278,0.638195,-0.45122,-0.42228,-0.49912,18.7878,-0.163415
S0129,4,285,282.5172413793,5.0059568966,34.1945846466,-1,253.2215517241,1.7636206897,10.2473275862,26.2369827586,0.0156034483,1943.6724137931,1838.1387931035,-1.835,-0.855,0.32439,-0.485365,28.1161,-0.2647,-0.405,-0.412195,-1,-0.392685,-0.49756,63.629,2.05,5.005,5.5888,-0.15,54.53,5.84,0.17478,-0.42278,0.638195,-0.45122,-0.42228,-0.49912,18.7878,-0.163415
S0130,6,10,9.9,16.6817,34.7845013,-1,243.21,0.312,2.125,3.6,0.063,769.1666666667,671.1666666667,0.5166666667,-0.7033333333,1.3674766667,-0.3170733333,16.5492666667,-0.2687666667,-0.2733333333,-0.2721933333,-0.66439,0.6260166667,-0.3203233333,38.195,1.8866666667,14.09,3.3720333333,-0.1066666667,88.9166666667,13.6133333333,-1,-1,-1,-1,-1,-1,8.5821,-0.4195133333
S0131,6,40,39.6756756757,14.3231351351,34.9983511081,232.4,254.3216216216,0.3748648649,2.1824324324,4.5027027027,0.0781081081,-1,-1,4.25,0.01,2.5004610811,0.0558997297,48.4224,0.0750378378,0.0564864865,0.1416467568,0.0079135135,1.2843789189,0.0137383784,133.92101,3.2410810811,18.9635135135,12.3122,0.1510810811,123.3783821622,18.6281081081,-1,-1,-1,-1,-1,-1,25.3503405405,0.9226062162
S0132,6,60,59.5319148936,16.6420638298,35.1059787021,-1,237.0255319149,0.3,0.9404255319,2.0068085106,0.1863829787,2324.6,2039.7,-1,-1,-1,-1,-1,-1,-1,-1,-1,-1,-1,-1,-1,-1,-1,-1,-1,-1,-1,-1,-1,-1,-1,-1,-1,-1
S0133,6,80,79.3278688525,6.6400983607,20.2816237705,-1,144.7950819672,-0.0667213115,0.9508196721,3.9040983607,-0.3455737705,-1,-1,1.36,-0.51,1.4484621311,-0.3828078689,24.3688,-0.3668737705,-0.3372131148,-0.1033188525,0.06049,0.1093183607,-0.3969752459,66.140505,1.4657377049,9.8309836066,5.7483,-0.2726229508,67.5813114754,9.298852459,-1,-1,-1,-1,-1,-1,17.5341819672,0.1147531148
S0134,6,100,NaN,NaN,NaN,-1,NaN,NaN,NaN,NaN,NaN,-1,-1,-1,-1,NaN,NaN,-1,NaN,NaN,NaN,NaN,NaN,NaN,-1,NaN,NaN,-1,NaN,NaN,NaN,-1,-1,-1,-1,-1,-1,NaN,NaN
S0135,6,120,118.9565217391,7.3278695652,34.811827087,-1,267.9391304348,0.9434782609,4.4652173913,13.4086956522,0.1443478261,2306.8,2143,-1,-1,-1,-1,-1,-1,-1,-1,-1,-1,-1,-1,-1,-1,-1,-1,-1,-1,1.69902,0.08429,1.96488,0.05522,0.15979,0.00104,-1,-1
S0136,6,160,158.4861995754,4.9939617834,34.8238492569,-1,274.4297239915,1.0797027601,8.1136942675,16.2875796178,0.1579193206,-1,-1,-1,-1,1.71707,0.03902,-1,0.2144,0.17,0.1561,0.0078,0.39024,0.00098,-1,3.62,29.58,-1,0.76,137.10001,23.08,-1,-1,-1,-1,-1,-1,25.1707,1.17073
S0137,6,180,178.4437367304,7.1723057325,34.7495392781,-1,246.8288747346,1.3557112527,11.5404458599,20.2493630573,0.0899787686,-1,-1,-1,-1,1.71707,0.03902,-1,0.2144,0.17,0.1561,0.0078,0.39024,0.00098,-1,3.62,29.58,-1,0.76,137.10001,23.08,-1,-1,-1,-1,-1,-1,25.1707,1.17073
S0138,22,50,49.7,20.401,36.7116997,-1,227.62,0.003,0.5,0,0.047,2399.8,2077.8,-1,-1,27.678,0.27317,-1,0.0013,0.17,0.11707,0.00293,1.22927,0.01268,-1,2.25,22.07,-1,0.1,134.25999,13.09,-1,-1,-1,-1,-1,-1,-1,-1
S0139,22,80,79.3981042654,19.6451421801,36.6833913744,103.35,217.3663507109,0.0001895735,0.6009478673,0.1123222749,0.0721800948,1197.3,1048.2,-1,-1,26.6498004739,0.08798891,-1,-0.0072909953,0.119478673,0.0712330806,-0.0065857346,1.0132044076,0.0011496209,-1,2.1502369668,19.9794312796,-1,0.0109952607,132.7188151659,13.3751184834,-1,-1,-1,-1,-1,-1,42.4369748815,1.8284605687
S0140,22,95,94.327014218,19.3504739336,36.6606429147,103.35,212.3545023697,0.0072985782,0.636492891,0.5744075829,0.1539336493,1197.3,1048.2,-1,-1,16.6260682464,-0.2709269668,-1,-0.3632033175,-0.27507109,-0.2942763981,-0.363425782,0.2277446919,-0.3581145972,-1,1.0341232227,13.2081042654,-1,-0.3266824645,85.7993838863,8.3170616114,-1,-1,-1,-1,-1,-1,27.7247829384,0.8834818957
S0141,22,125,124.1071428571,18.9829642857,36.6341596964,103.35,209.0517857143,0.0341071429,0.7946428571,1.3767857143,0.1223214286,1196.6732142857,1049.1401785714,-1,-1,13.3509508929,-0.4096678571,-1,-0.4970758929,-0.4057142857,-0.4141205357,-0.4983186607,-0.1436396429,-0.4955751786,-1,0.6124107143,10.3408928571,-1,-0.4574107143,68.3050892857,6.5902678571,-1,-1,-1,-1,-1,-1,21.6637714286,0.3832740179
S0142,22,185,183.630952381,18.517139881,36.5968397946,-1,204.6913690476,0.1070833333,1.1181547619,2.8235119048,0.0449107143,1999.7125,1760.8729166667,-1,-1,13.9244,-0.412195,-1,-0.4956,-0.385,-0.39366,-0.49756,-0.22195,-0.496585,-1,0.615,10.025,-1,-0.46,68.665,6.8,-1,-1,-1,-1,-1,-1,21.15855,0.231705
S0143,22,235,233.2368421053,18.3015131579,36.5799088816,99.5,204.0526315789,0.1196052632,1.2328947368,3.2947368421,0.0534210526,1194.8,1054.1,-1,-1,20.2773315789,-0.1922323684,-1,-0.3181776316,-0.1610526316,-0.1800246053,-0.3240193421,-0.0926184211,-0.3266621053,-1,1.205,13.7855263158,-1,-0.2885526316,93.9076315789,9.7521052632,-1,-1,-1,-1,-1,-1,29.3218723684,1.2050719737
S0144,22,285,282.8373015873,18.0958521825,36.5511268353,98.383531746,200.7058531746,0.1612698413,1.3813492063,3.9925595238,0.05,1194.0119047619,1055.052281746,-1,-1,14.828772123,-0.4419769048,-1,-0.48858125,-0.38,-0.3913635218,-0.4941918849,-0.387222629,-0.4977281944,-1,0.6528373016,10.3883730159,-1,-0.4618650794,69.8541865079,7.0995535714,-1,-1,-1,-1,-1,-1,21.84145,0.817075
S0145,22,390,386.996993988,17.3484779559,36.418852766,97.8,188.4973446894,0.3112074148,2.1090681363,6.4029559118,0.0412124248,2235.2791583166,1994.5463426854,-1,-1,14.81705,-0.48049,-1,-0.4875,-0.38,-0.38634,-0.492685,-0.407315,-0.49756,-1,0.67,10.56,-1,-0.455,69.94,7.115,-1,-1,-1,-1,-1,-1,-1,-1
S0147,25,10,10,27.22,36.463001,197.4,203.5,0.01,1,0,0.02,-1,-1,-1,-1,41.4244,0.13658,-1,0.0005,1.77,1.43024,0.02049,2.76098,0.03805,-1,2.01,23.61,-1,0.06,138.10001,17.6,-1,-1,-1,-1,-1,-1,-1,-1
S0148,25,75,74.5,23.14475,36.905251625,-1,213.7125,0.01,0.7625,0,0.01625,2413,2074.4,-1,-1,35.5024,0.22439,-1,0.0001,0.49,0.53073,0.00878,1.94146,0.0078,-1,2.01,21.63,-1,0.03,130.75,14.67,-1,-1,-1,-1,-1,-1,40,1.7561
S0149,25,100,99.3404255319,22.0220638298,36.8719786596,-1,208.8787234043,0.01,0.7,0,0.0206382979,2410.6595744681,2082.6978723404,-1,-1,-1,-1,-1,-1,-1,-1,-1,-1,-1,-1,-1,-1,-1,-1,-1,-1,-1,-1,-1,-1,-1,-1,-1,-1
S0150,25,150,149.0066225166,20.255615894,36.7289385298,-1,210.3715231788,0.01,0.7033112583,0,0.1843708609,-1,-1,-1,-1,27.4366377483,0.1736715894,-1,0.0001165563,0.2396688742,0.2355077483,0.0086508609,1.0503609272,0.0052028477,-1,2.048013245,20.6548344371,-1,0.0896688742,132.5050331126,13.6420529801,-1,-1,-1,-1,-1,-1,39.5710317881,1.2812121854
S0151,25,200,198.6194331984,19.0808744939,36.6375941903,-1,197.9384615385,0.0675708502,1.0805668016,2.0979757085,0.0406882591,2399.7,2093.7,-1,-1,26.8293,0.25366,-1,0.0074,0.33,0.29561,0.00488,0.32195,0.00683,-1,2.1,22.59,-1,0.09,136.75,15.01,-1,-1,-1,-1,-1,-1,44.7805,1.85366
S0152,27,10,12,28.409,36.1415005,-1,194.8,0.01,1.1,0,0.015,1183.1,1007.8,-1,-1,20.90975,-0.43171,-1,-0.49975,0.22,0.26634,-0.47512,1.265855,-0.48683,-1,0.5,10.505,-1,-0.49,68.925005,8.625,-1,-1,-1,-1,-1,-1,-1,-1
S0153,27,75,74.5041322314,23.7003842975,36.9844349401,-1,211.2020661157,0.01,0.7020661157,0,0.0101033058,2393.4915289256,2049.1359504132,-1,-1,20.57315,-0.37317,-1,-0.4998,-0.21,-0.14244,-0.49366,0.865855,-0.492195,-1,0.545,9.195,-1,-0.495,66.39,6.795,-1,-1,-1,-1,-1,-1,20.0366,0.67073
S0154,27,100,99.305785124,22.3356322314,36.9040279256,-1,210.2710743802,0.01,0.702892562,0,0.01,2417.6,2078.9,-1,-1,36.8,0.27317,-1,0.0003,0.41,0.45463,0.00293,1.90244,0.02634,-1,1.97,20.8,-1,0.05,129.42,14.42,-1,-1,-1,-1,-1,-1,42.7317,1.95122
S0155,27,150,149.0190217391,20.6346331522,36.8760812201,-1,181.8766304348,0.0511141304,0.8904891304,1.4730978261,0.0828532609,2411.2149456522,2120.1695652174,-1,-1,-1,-1,-1,-1,-1,-1,-1,-1,-1,-1,-1,-1,-1,-1,-1,-1,-1,-1,-1,-1,-1,-1,-1,-1
S0156,27,200,198.6114130435,19.1067798913,36.6600479321,-1,188.8059782609,0.0986684783,1.0942934783,2.7638586957,0.0217119565,2396.6089673913,2115.8217391304,-1,-1,-1,-1,-1,-1,-1,-1,-1,-1,-1,-1,-1,-1,-1,-1,-1,-1,-1,-1,-1,-1,-1,-1,-1,-1
S0157,11,10,9.9,21.5659666667,36.1990996667,57.2,222.4333333333,-0.0416666667,0.1523333333,0.06,-0.0293333333,794.7666666667,683.9133333333,1.6533333333,-0.6166666667,3.7577233333,-0.2585366667,12.9665,-0.3289666667,-0.2366666667,-0.21561,-0.6653666667,0.3235766667,-0.3235766667,48.5016666667,1.3466666667,13.17,3.7941333333,-0.24,76.5033333333,9.88,-1,-1,-1,-1,-1,-1,11.7008,-0.4130066667
S0158,11,50,49.6666666667,20.454,36.4996666667,-1,227.3666666667,-0.2466666667,0.49,1,-0.2066666667,1202.35,1036.1,-1,-1,15.8439,0.23415,-1,0.0307,0.11,0.10049,0.0039,0.80976,0.00976,-1,2.53,22.89,-1,0.05,144.25,18.29,-1,-1,-1,-1,-1,-1,39.0244,2.04878
S0159,11,75,74.4444444444,18.0997777778,36.3641112222,-1,216.6666666667,0.1877777778,1.62,2.7222222222,0.2255555556,2406.3,2086.5,-1,-1,19.4049,0.14634,-1,0.0421,0.09,0.07415,0.00293,0.82927,0.00488,-1,2.65,21.61,-1,0.05,143.62,18.17,-1,-1,-1,-1,-1,-1,39.122,1.95122
S0160,11,100,99.3027888446,21.2477051793,36.6395725056,-1,213.9824302789,-0.5638645418,-0.2879601594,-0.5274900398,-0.5744143426,499.1543027888,435.2137450199,0.346,-0.766,-0.003902,-0.792196,7.0999,-0.79956,-0.68,-0.729756,-1,-0.614634,-0.796682,28.935,-0.326,3.334,1.77308,-0.788,16.54,1.182,-1,-1,-1,-1,-1,-1,7.4556,-0.632196
S0161,11,150,149.0020366599,19.8652118126,36.3607495112,-1,206.5118126273,0.1112423625,0.780407332,0.6113441955,0.0315478615,1182.25,1058.45,4.21,-0.01,3.31707,0.03902,41.0556,0.003,1.54,1.59024,-1,0.63415,0.01561,148.116,2.57,19.24,12.8166,0.05,88.52,9.86,-1,-1,-1,-1,-1,-1,40.4,0.82927
S0162,11,200,198.2,14.4302,36.0000008,-1,209.32,0.43,2.8,7.4,0.06,-1,-1,-1,-1,20.2634,0.05854,-1,0.0804,0.22,0.21561,0.00293,0.61463,0.0078,-1,2.67,22.32,-1,0.15,141.85001,19.31,-1,-1,-1,-1,-1,-1,39.6098,1.95122
S0163,21,10,9.9,23.7923,36.6891001,210.91,200.19,0.02,0.4,0,0.021,2406.3,2075.2,-1,-1,28.4195,0.32195,-1,0.0004,0.3,0.34146,0.01951,1.46341,0.01756,-1,2.03,21.57,-1,0.03,131.16,13.04,-1,-1,-1,-1,-1,-1,-1,-1
S0164,21,75,74.5020746888,18.7094481328,36.6122486466,-1,217.2629322268,-0.3203665284,-0.0082987552,-0.0756569848,-0.2711964039,796.9666666667,697.7,-1,-1,6.4927006916,-0.6037613278,-1,-0.66300574,-0.6360580913,-0.6103809544,-0.6590294191,-0.3799258368,-0.6599015422,-1,-0.0057399723,5.8137136929,-1,-0.6517565698,43.0889142462,3.5970954357,-1,-1,-1,-1,-1,-1,13.2608159059,0.1223380498
S0165,21,100,99.305785124,18.4505020661,36.6040578223,-1,209.3254132231,0.09,0.85,2.15,0.075,1195.35,1050,-1,-1,13.4317,-0.407315,-1,-0.4952,-0.44,-0.42049,-0.49366,-0.17805,-0.497075,-1,0.54,9.48,-1,-0.465,66.905,6.295,0.3901,-0.438,0.507315,-0.45727,-0.33772,-0.49171,40.4878,1.56098
S0166,21,150,148.9089068826,18.2817510121,36.5916350698,-1,207.476417004,0.12,0.95,2.6,0.04,1195.35,1051.35,-1,-1,13.77315,-0.40244,-1,-0.4944,-0.42,-0.42488,-0.498535,-0.182925,-0.49756,-1,0.55,9.955,-1,-0.47,67.18,6.86,-1,-1,-1,-1,-1,-1,20.18295,0.768295
S0167,21,200,198.512145749,18.0864807692,36.56275917,-1,201.024291498,-1,-1,-1,-1,-1,-1,-1,-1,-1,-1,-1,-1,-1,-1,-1,-1,-1,-1,-1,-1,-1,-1,-1,-1,-1,-1,-1,-1,-1,-1,40.1698800607,1.434897247
S0168,23,10,9.9,26.8361,36.7571002667,209.3,201.9066666667,0.0453333333,0.8,0.1,0.01,2402.1,2047.3,-1,-1,41.1512,0.22439,-1,0.0024,0.81,0.72488,0.00976,3.2,0.03512,-1,2.08,30.54,-1,0.28,135.53999,16.66,-1,-1,-1,-1,-1,-1,-1,-1
S0169,23,75,74.5119047619,22.4029880952,36.8429875655,-1,214.2458333333,0.030297619,0.7,0.1,0.009702381,1203.0208333333,1034.1380952381,-1,-1,17.651314881,-0.3863532143,-1,-0.4997559524,-0.2670833333,-0.2444676786,-0.4941741667,0.4188169643,-0.491676131,-1,0.5226190476,10.6728571429,-1,-0.454702381,64.0212452976,6.0635119048,-1,-1,-1,-1,-1,-1,21.3519166667,0.6190464286
S0170,23,100,99.2946175637,21.6890141643,36.8122178329,-1,211.7359773371,0.0235127479,0.6648725212,0.1,0.0135127479,2407.4,2070.3,-1,-1,32.3512,0.20488,-1,0.0006,0.24,0.23707,0.01366,1.27805,0.00293,-1,1.99,20.25,-1,0.07,126.75,12.52,-1,-1,-1,-1,-1,-1,35.3171,1.7561
S0171,23,150,148.9078014184,20.3902553191,36.7537153901,-1,195.6147163121,0.0348049645,0.7441489362,0.964893617,0.0344148936,1200.4,1047,-1,-1,15.6135384752,-0.4443764184,-1,-0.4795601064,-0.3221808511,-0.3409287943,-0.4748078901,-0.1259366135,-0.4789743085,-1,0.5917553191,9.4820744681,-1,-0.4585460993,65.8086347518,6.1678368794,-1,-1,-1,-1,-1,-1,21.0076753546,0.2911672163
S0172,23,200,198.6083499006,19.3577236581,36.672280334,-1,191.9932405567,0.0787475149,0.8958250497,2.1666003976,0.020417495,2361.1673956263,2078.4691848907,-1,-1,14.93415,-0.47073,-1,-0.49905,-0.345,-0.36439,-0.494635,-0.182925,-0.498535,-1,0.535,9.045,-1,-0.48,63.335,5.91,-1,-1,-1,-1,-1,-1,20.42685,0.231705
S0177,8,50,49.6,20.0842,35.785601,-1,235.26,0.046,0.422,0,0.02,2349.4,2053.6,3.86,0.61,3.24878,0.03902,44.6146,0.0039,0.17,0.1561,0.02927,0.86829,0.02244,140.897,2.5,17.56,12.7883,0.09,93.78,11.78,-1,-1,-1,-1,-1,-1,38.2439,0.79024
S0178,8,152,150.75,13.19725,35.5305005,-1,238.05,0.41,2.3,5.1,0.06,2342.3,2108.425,-1,-1,-1,-1,-1,-1,-1,-1,-1,-1,-1,-1,-1,-1,-1,-1,-1,-1,-1,-1,-1,-1,-1,-1,-1,-1
S0179,9,10,9.9,18.0105,35.5142993,69.8333333333,231.63,0.167,0.934,2.23,0.067,938.1,823.06,0.9533333333,-0.28,2.15122,-0.2747966667,12.9522,-0.3030666667,-0.2166666667,-0.21496,-0.66504,0.3333333333,-0.3235766667,48.051,1.6166666667,13.4466666667,3.5658666667,-0.2433333333,80.75,13.4466666667,-1,-1,-1,-1,-1,-1,11.7008,-0.3414633333
S0180,9,151,149.8571428571,15.005,35.629143,-1,221.0857142857,0.3285714286,1.7285714286,3.8171428571,0.0285714286,-1,-1,3.8,0.46,3.8006928571,0.0181214286,37.4966,0.0351857143,0.3742857143,0.3477385714,0.00488,0.4195157143,0.00488,144.709,2.7842857143,18.0442857143,12.5707,0.1157142857,104.1014285714,14.3914285714,-1,-1,-1,-1,-1,-1,42.0293,0.80976
S0181,10,11,10.9,23.1972333333,35.6212676,195.7633333333,215.87,0.009,0.3093333333,0.02,0.0143333333,2183.95,1898.4933333333,0.9933333333,-0.6066666667,1.86179,-0.3040666667,12.0357666667,-0.3224333333,-0.24,-0.2413,-0.3297533333,0.2910566667,-0.32748,47.3866666667,1.5433333333,13.1133333333,3.5359333333,-0.2233333333,81.52,13.5766666667,-1,-1,-1,-1,-1,-1,11.1642333333,-0.4
S0182,10,51,50.5976095618,11.5376015936,35.2134691912,-1,252.3103585657,0.3133067729,1.1835059761,3.2211155378,0.1854581673,2329.6529880478,2098.7928286853,-1,-1,-1,-1,-1,-1,-1,-1,-1,-1,-1,-1,-1,-1,-1,-1,-1,-1,-1,-1,-1,-1,-1,-1,-1,-1
S0183,10,152,150.9,16.0877,35.7198001,-1,215.3,0.29,1.23,3.363,0.019,2346.2,2099.5,2.4,-0.08,4.37073,0.00976,41.2195,0.0121,0.25,0.21463,0.00976,0.3122,0.0039,144.17101,2.69,17.68,12.718,0.12,98.01,12.02,-1,-1,-1,-1,-1,-1,40.6341,0.91707
S0184,11,11,10.893129771,21.7724681934,36.2361677659,57.2,219.4292620865,0.0266666667,0.2433333333,0.1333333333,0.04,796,683.4666666667,1.6533333333,-0.6166666667,3.7577233333,-0.2585366667,12.9665,-0.3289666667,-0.2366666667,-0.21561,-0.6653666667,0.3235766667,-0.3235766667,48.5016666667,1.3466666667,13.17,3.7941333333,-0.24,76.5033333333,9.88,-1,-1,-1,-1,-1,-1,11.7008,-0.4130066667
S0185,11,50,49.6666666667,20.454,36.4996666667,-1,227.3666666667,-0.2466666667,0.49,1,-0.2066666667,1202.35,1036.1,-1,-1,15.8439,0.23415,-1,0.0307,0.11,0.10049,0.0039,0.80976,0.00976,-1,2.53,22.89,-1,0.05,144.25,18.29,-1,-1,-1,-1,-1,-1,39.0244,2.04878
S0186,11,152,NaN,NaN,NaN,-1,NaN,NaN,NaN,NaN,NaN,NaN,NaN,-1,-1,-1,-1,-1,-1,-1,-1,-1,-1,-1,-1,-1,-1,-1,-1,-1,-1,-1,-1,-1,-1,-1,-1,-1,-1
S0187,12,10,9.9,23.0798,36.3320002,-1,218.19,0.021,0.335,0.27,0.034,944.56,827.95,1.2766666667,-0.4,0.9203266667,-0.6504066667,11.8299333333,-0.6654666667,-0.63,-0.64065,-1,-0.3121966667,-0.6614633333,48.6646666667,0.1033333333,6.7133333333,3.6562666667,-0.42,28.03,2.6966666667,-1,-1,-1,-1,-1,-1,11.5609666667,-0.4422766667
S0188,12,50,49.6666666667,21.7583333333,36.3796666667,99.85,218,0.1,0.93,1.5333333333,0.07,2355.6,2110.6,2.715,-0.11,1.982925,-0.47073,19.2712,-0.4986,-0.475,-0.47561,-1,0.02683,-0.48878,75.124,0.655,9.885,5.96975,-0.48,42.03,4.345,-1,-1,-1,-1,-1,-1,18.3244,-0.114635
S0189,12,151,NaN,NaN,NaN,-1,NaN,NaN,NaN,NaN,NaN,NaN,NaN,-1,-1,-1,-1,-1,-1,-1,-1,-1,-1,-1,-1,-1,-1,-1,-1,-1,-1,-1,-1,-1,-1,-1,-1,-1,-1
S0190,13,49,48.7012448133,27.6283195021,37.4654735228,97.85,199.6481327801,0.0352489627,0.5865145228,0.0136929461,0.000746888,1242.2412863071,1057.1433609959,3.265,-0.04,4.89025,-0.460975,21.3278,-0.498,-0.48,-0.48049,-1,0.260975,-0.4839,75.068,0.62,6.925,6.30585,-0.475,49.415,7.42,-1,-1,-1,-1,-1,-1,19.3244,-0.15366
S0191,14,10,10,28.1175,37.0170005,-1,193.9,0.095,0.445,0,0.02,1214.35,1038.65,3.205,-0.01,5.8073,-0.44634,20.8873,-0.49935,-0.45,-0.460975,-1,0.32927,-0.481465,73.7305,0.735,7.635,5.9883,-0.415,50.02,7.75,-1,-1,-1,-1,-1,-1,17.8122,-0.12439
S0192,14,50,49.7,27.3871,37.1553497,-1,199.375,0.0965,0.471,0,0.0165,2441.3,2085.6,7.47,0.97,13.0927,0.14634,43.038,0.0013,0.07,0.09756,0.00976,1.6878,0.02244,144.821,2.32,15.91,13.2351,0.02,101.53,16.44,-1,-1,-1,-1,-1,-1,38.7024,0.77073
S0193,14,150,149.1,21.6341,35.00339915,-1,191.69,0.1205,0.6055,-0.05,-0.013,2421,2108.4,2.445,-0.11,2.309755,-0.460975,20.2873,-0.49895,-0.03,-0.04634,-0.47561,0.090245,-0.48439,72.958,2.045,7.695,6.10295,0.965,44.54,5.805,-1,-1,-1,-1,-1,-1,19.90975,-0.07073
S0195,13,150,148.8095238095,16.2376071429,36.0735607976,-1,205.55,0.4178571429,2.7017857143,6.125952381,0.0619047619,2369.1976190476,2121.1380952381,-1,-1,-1,-1,-1,-1,-1,-1,-1,-1,-1,-1,-1,-1,-1,-1,-1,-1,-1,-1,-1,-1,-1,-1,-1,-1
S0196,15,10,9.9,23.81985,36.56095035,-1,206.35,0.0495,0.269,0.135,0.0515,2394.15,2070.5,6.79,0.86,14.1073,0.05854,44.6722,0.0025,0.17,0.13658,0.00976,1.69756,0.02146,147.537,2.39,19.89,13.2429,0.22,103.64,17.3,-1,-1,-1,-1,-1,-1,39.1512,0.77073
S0197,15,50,49.7012987013,28.1353246753,36.7406887792,-1,197.3194805195,0.0742857143,0.2493506494,0.0038961039,0.0107792208,1204.55,1027.7,3.045,-0.07,6.6137662338,-0.4054480519,20.00295,-0.4926727273,-0.4042857143,-0.4207292208,0.00293,0.332595974,-0.4804062338,72.9935,0.6735064935,7.8674025974,6.0005,-0.4635064935,50.8049350649,7.8584415584,-1,-1,-1,-1,-1,-1,16.7195,-0.114635
S0198,15,150,148.8311688312,17.1792077922,36.3825714286,-1,204.4064935065,0.275,0.63,0.665,0.12,1202,1052.8,1.875,-0.235,2.865855,-0.441465,20.86635,-0.49535,0.19,-0.382925,-0.49512,0.15366,-0.492685,72.8005,0.785,7.74,6.0312,0.855,47.63,7.025,-1,-1,-1,-1,-1,-1,37.9059636364,1.5230311688
S0199,16,10,9.9,28.3666,36.30165095,194.9,193.935,0.077,0.33325,0.005,0.0205,1249.6775,1070.655,3.16,-0.075,7.51465,-0.45122,20.699,-0.49815,-0.425,-0.42683,-0.436585,0.32439,-0.485365,68.667505,0.645,9.55,6.15415,-0.305,52.155,8.665,-1,-1,-1,-1,-1,-1,18.261,-0.090245
S0200,16,50,49.7,28.6471666667,36.4481661333,-1,195.5266666667,-0.4216666667,-0.306,-0.4666666667,-0.453,794.9333333333,680.2666666667,7.36,0.89,14.9268,0.09756,42.2137,0.0019,0.11,0.07805,0.06829,1.56098,0.02927,136.229,2.29,17.57,12.9522,0.07,102.7,17.13,-1,-1,-1,-1,-1,-1,39.7854,0.83902
S0201,16,150,149.0869565217,15.9689347826,35.7053251739,-1,113.3195652174,1.1726086957,4.9765217391,17.5908695652,0.0623913043,1168.0521739131,1087.9434782609,0.625,-0.345,2.2170721739,-0.4724286957,19.8927,-0.4439978261,-0.3732608696,-0.120426087,-0.4952897826,-0.215166087,-0.4942934783,66.7605,1.0608695652,7.2869565217,5.8161,-0.4415217391,50.2652173913,7.935,-1,-1,-1,-1,-1,-1,18.6329913043,-0.0512178261
S0202,17,10,9.9,25.974325,35.93730005,48.775,205.15875,0.03425,0.26225,0,0.012375,1181.725,1022.65,0.8875,-0.5425,4.43153625,-0.6792065,10.250975,-0.71214,-0.672375,-0.686598,0.00195,-0.29250125,-0.704232125,33.32,-0.04575,5.79625,2.388525,-0.58,30.41925,4.469,-1,-1,-1,-1,-1,-1,7.24755,-0.5670725
S0203,17,50,49.6,18.1594,36.5207996,-1,216,0.02,0.34,0.24,0.08,2393.6,2092.2,-1,-1,15.3756,0.13658,-1,0.0038,0.05,0.06244,0.00293,0.65366,0.00683,-1,2.04,20.69,-1,0.02,128.57001,11.72,-1,-1,-1,-1,-1,-1,35.122,2.2439
S0204,17,150,149.1,12.9752,34.1222667333,-1,119.69,1.234,6.6266666667,19.2993333333,-0.0143333333,2306.6,2176.4,-0.13,-0.58,1.34634,-0.6439033333,13.7574,-0.5961333333,-0.39,-0.4195133333,-0.6601633333,-0.5983733333,-0.6660166667,45.1636666667,0.5266666667,4.9666666667,3.6383666667,-0.5733333333,33.9666666667,5.06,-1,-1,-1,-1,-1,-1,13.4439,-0.3772366667
S0205,18,10,9.9,20.5831,36.6578999,-1,207.08,0.01,0.21,0,0.011,2396.1,2080.9,-1,-1,16.8976,0.67317,-1,0.0043,0.05,0.09463,0.00098,0.77073,0.01171,-1,2.14,21.75,-1,0.03,135.52,13.2,-1,-1,-1,-1,-1,-1,-1,-1
S0206,18,50,49.6033057851,18.9133636364,36.617447281,-1,209.1338842975,0.0198347107,0.4966942149,0,0.0003305785,2394.3,2080.6,-1,-1,17.9707,0.34146,-1,0.0019,0.04,0.08878,0.00585,0.75122,0.00293,-1,2.15,19.69,-1,0.06,132.39999,12.75,-1,-1,-1,-1,-1,-1,33.561,2.2439
S0207,18,150,149.1018711019,14.1485904366,35.4159990374,-1,162.4810810811,0.9675051975,5.0195426195,14.1114345114,0.0205613306,1162.3,1072.95,0.245,-0.385,2.2126267775,-0.4663882536,22.0883,-0.420785447,0.0375259875,-0.0245573597,0.00488,-0.3646247817,-0.4867444906,65.1035,1.2477754678,8.2120790021,5.9205,-0.3568607069,50.8506443035,7.2045322245,-1,-1,-1,-1,-1,-1,19.1429442827,-0.0675411642
S0209,1,10,10,10.093,33.977501,142.3,287.8,1.01,0,13.145,0.165,1138.4,1036.05,-1.39,-0.63,1.709755,-0.441465,23.88195,-0.4736,-0.24,-0.25122,-0.490245,-0.4561,-0.49951,58.6825,1.94,6.97,5.30585,-0.395,56.94,5.025,-1,-1,-1,-1,-1,-1,12.04145,-0.19756
S0210,1,50,49.6,8.5187,33.9922986,-1,288.25,1.549,0.084,14.749,0.122,2277.6,2093.4,-2.16,-0.26,5.47317,0.05854,52.2449,0.1557,0.43,0.37073,0.00976,0.0878,0.00098,116.636,4.82,10.06,11.8576,0.18,112.09,10.1,-1,-1,-1,-1,-1,-1,26.5171,0.61463
S0211,2,10,9.9,7.6677,34.84160075,-1,277.785,0.0675,1.4705,6.979,-0.359,-1,356.95,-1.285,-0.8616666667,-0.4894316667,-0.6504066667,7.7060166667,-0.62395,-0.6183333333,-0.60065,-0.6639016667,-0.5723583333,-0.6652033333,20.1006666667,0.755,5.6233333333,1.1578833333,-0.53,40.9983316667,4.865,-1,-1,-1,-1,-1,-1,2.42195,-0.7341466667
S0212,2,50,49.6,6.84755,28.72054985,-1,250.105,-1,-1,-1,-1,-1,-1,-1,-1,-1,-1,-1,-1,-1,-1,-1,-1,-1,-1,-1,-1,-1,-1,-1,-1,-1,-1,-1,-1,-1,-1,-1,-1
S0213,2,150,148.7026431718,3.8723788546,34.0704703789,-1,297.3284140969,1.74,11.16,25.31,0.04,-1,-1,-1,-1,-1,-1,-1,-1,-1,-1,-1,-1,-1,-1,-1,-1,-1,-1,-1,-1,-1,-1,-1,-1,-1,-1,-1,-1
S0214,3,10,10,11.465,34.81349925,59.725,267.7,0.53,3.175,6.8075,0.1,575.55,1043.9,-0.515,-0.72,0.4926825,-0.4902425,10.996825,-0.441175,-0.455,-0.4595125,-0.4958525,-0.1658525,-0.496585,30.839,1.3425,10.3075,2.36,-0.2425,59.37,8.1325,-1,-1,-1,-1,-1,-1,4.620725,-0.615855
S0215,3,50,49.5,5.25,34.9650005,-1,292.85,0.87,4.75,13.35,0.175,-1,2143.1,-1,-1,1.00488,0.03902,-1,0.2042,0.09,0.11415,0.00683,0.32195,0.00878,-1,3.85,31.15,-1,0.45,142.03999,24.1,-1,-1,-1,-1,-1,-1,-1,-1
S0216,3,150,148.7024793388,11.0645371901,34.9139432335,-1,223.2241735537,0.9377066116,3.6296487603,13.2108884298,0.0200619835,2332.1,2108.5,-0.31,-0.01,4.37073,0.06829,52.1385,0.1257,0.33,0.28293,0.00976,0.42927,0.0039,129.58,3.87,13.06,12.2878,0.39,104.7,12.87,0.66663,0.08946,2.29268,0.06507,0.29358,0.00601,40.3902,0.74146
S0217,4,10,9.9,16.9628,34.5297001,248.8,247.54,0.198,0,0,0.002,2303.7,2034.7,-0.04,0.09,1.42439,0.00976,37.802,0.0058,0.06,0.01951,-1,0.47805,0.00293,130.423,3.37,10.96,12.1034,0.11,75.66,10.56,-1,-1,-1,-1,-1,-1,28.0585,0.57561
S0218,4,50,49.6029411765,13.9185735294,34.5357490294,245.7,244.2161764706,0.5060294118,0,3.0969117647,0.3257352941,2303.5,2039,-0.05,-0.01,1.38537,0.00976,40.0185,0.0107,0.05,0.02927,0.00976,0.58537,0.01561,128.58299,3.65,11.3,12.1278,0.12,91.48,11,0.2439,0.05688,0.08127,0.04068,0.01731,-1,29.0634,0.50732
S0219,4,150,148.7030927835,8.1301876289,34.5210247546,-1,258.5845360825,1.1790721649,3.9615257732,16.6024329897,0.02,2291.6,2125.3,-0.64,-0.06,1.31707,0.00976,54.9873,0.0454,0.17,0.14634,0.00976,0.67317,0.01463,130.901,4.26,14.75,12.1522,0.27,109.17,12.82,-1,-1,-1,-1,-1,-1,38.5366,0.67317
S0220,5,10,9.9,9.6967166667,34.7733657167,84.4666666667,284.8983333333,0.5926666667,2.6283333333,7.696,0.1076666667,1535.1666666667,1388.3666666667,-0.39,-0.26,-0.1986993333,-0.6164228333,41.4966,-0.565995,-0.596,-0.5832675,-0.6647166667,-0.4952838333,-0.6306193333,132.203,0.714,9.8045,12.0907,-0.3325,47.0871666667,7.3328333333,-1,-1,-1,-1,-1,-1,21.0634,0.5561
S0221,5,50,49.6031746032,13.4171428571,34.5953403095,-1,248.6595238095,0.5398412698,0.1022222222,3.6101587302,0.345952381,2284.2182539683,2058.796031746,-1,-1,-0.00244,-0.47561,-1,-0.3892,-0.455,-0.45756,-0.49756,-0.30488,-0.492685,-1,1.385,13.89,-1,0.1,69.800005,11.345,-0.394295,-0.47156,-0.443075,-0.459365,-0.482745,-0.498705,14.81705,0.28049
S0222,5,150,148.8099173554,9.0889338843,34.6751823554,126.85,254.6008264463,1.0541322314,3.715785124,14.6328099174,0.0302479339,1177.4008264463,1086.8925619835,-1.45,-0.65,0.5,-0.485365,25.2034,-0.4489,-0.44,-0.407315,-1,-0.22195,-0.49805,64.5335,1.625,6.48,5.60685,-0.465,54.6,6.315,0.94312,0.08946,2.16263,0.08127,0.15544,0.00601,20.7244,-0.11951
S0223,6,10,9.9,16.6817,34.7845013,-1,243.21,0.312,2.125,3.6,0.063,769.1666666667,671.1666666667,0.5166666667,-0.7033333333,1.3674766667,-0.3170733333,16.5492666667,-0.2687666667,-0.2733333333,-0.2721933333,-0.66439,0.6260166667,-0.3203233333,38.195,1.8866666667,14.09,3.3720333333,-0.1066666667,88.9166666667,13.6133333333,-1,-1,-1,-1,-1,-1,8.5821,-0.4195133333
S0224,6,50,49.5555555556,12.941,35.0585567778,-1,259.9555555556,0.46,2.6222222222,5.6666666667,0.1133333333,1803.4222222222,1608.1888888889,-1,-1,0.007315,-1,-1,-0.39675,-0.46,-0.4439,-0.49756,-0.309755,-0.494635,-1,1.3,13.61,-1,-0.3,66.910005,10.915,-1,-1,-1,-1,-1,-1,12.13415,0.231705
S0225,6,150,148.8024691358,10.0080493827,34.6935945679,-1,221.2543209877,1.1462962963,4.3975308642,16.2319753086,0.02,2293.6,2129.2,-1,-1,-1,-1,-1,-1,-1,-1,-1,-1,-1,-1,-1,-1,-1,-1,-1,-1,-1,-1,-1,-1,-1,-1,-1,-1
S0226,7,10,9.9,20.4056,35.4033008,230.2,225.21,0.088,0.737,0,0.018,2334.9,2045.8,3.93,0.38,4.2439,0.01951,47.6624,0.004,0.34,0.3122,-1,1.45366,0.01659,146.468,2.98,14.64,12.6732,0.4,104.87,14.11,-1,-1,-1,-1,-1,-1,32.7415,0.6439
S0227,7,50,49.6,19.4734,35.5479994,-1,233.28,-0.338,0.114,-0.4,-0.39,780.8,685.6,4.05,0.34,4.53659,0.02927,45.8224,0.0027,1.31,1.2878,0.01951,1.21951,0.01756,140.062,2.86,13.77,12.5912,0.07,101.86,13.43,-1,-1,-1,-1,-1,-1,31.0439,0.78049
S0228,7,150,148.8,15.0688,35.6242,-1,222.34,0.408,1.626,4.774,0.026,2342.2,2104.8,2.49,0.18,7.46341,0.07805,46.398,0.0217,0.75,1.14146,0.01951,0.57561,0.0078,143.86501,2.9,13.63,12.7795,0.11,107.52,15.09,-1,-1,-1,-1,-1,-1,41.1512,0.80976
S0229,8,10,9.9,6.7004,34.6564981,-1,289.28,0.5905,3.159,8.17,0.181,-1,-1,4.47,0.69,1.493659,0.031221,45.2829,0.142025,0.077,0.067948,0.003759,0.6721965,0.0064845,141.66901,3.585,22.242,13.2878,0.307,141.255,26.9635,-1,-1,-1,-1,-1,-1,36.8293,0.83902
S0231,7,30,29.753968254,20.0664166667,35.4592577063,-1,228.1206349206,0.0869047619,0.7822619048,0,0.0123015873,1169.15,1025.95,2.0676587302,-0.1680952381,2.1613448413,-0.3594074603,27.1213003968,-0.3827595238,0.251468254,0.2419475397,-0.3766734127,0.4365275397,-0.375998254,86.6334800397,1.3665079365,8.1501587302,7.3976198413,-0.3418650794,63.9029761905,8.1219444444,-0.24795,-0.45527,0.27234,-0.463415,-0.42228,-0.49912,18.8935722222,0.1251857143
S0232,7,60,59.5172413793,18.046954023,35.6045055517,-1,240.1011494253,-0.2987356322,0.3168965517,-0.2542528736,-0.3764367816,1428.7586206897,1263.7517241379,-1,-1,-1,-1,-1,-1,-1,-1,-1,-1,-1,-1,-1,-1,-1,-1,-1,-1,-1,-1,-1,-1,-1,-1,-1,-1
S0233,7,70,69.4310344828,16.6080172414,35.6453102931,-1,245.7620689655,0.0532758621,1.0324137931,0.1753448276,-0.0775862069,2103.7155172414,1865.9931034483,-1,-1,-1,-1,-1,-1,-1,-1,-1,-1,-1,-1,-1,-1,-1,-1,-1,-1,-1,-1,-1,-1,-1,-1,-1,-1
S0234,7,150,148.8,15.0688,35.6242,-1,222.34,0.408,1.626,4.774,0.026,2342.2,2104.8,2.49,0.18,7.46341,0.07805,46.398,0.0217,0.75,1.14146,0.01951,0.57561,0.0078,143.86501,2.9,13.63,12.7795,0.11,107.52,15.09,-1,-1,-1,-1,-1,-1,41.1512,0.80976
S0235,7,200,198.4126984127,14.7185396825,35.5828015873,97.4,223.2238095238,1.0774603175,15.9482539683,15.546984127,0.0151587302,1169.85,1053.25,-0.4196031746,-0.6526984127,1.6042970635,-0.4722038889,29.0714825397,-0.2886738095,0.1351587302,0.1236169048,-0.4787825397,-0.3524953175,-0.482460873,71.4778495238,2.1157142857,5.670952381,6.0111626984,0.444047619,63.0771428571,8.0314285714,-1,-1,-1,-1,-1,-1,21.1555936508,-0.085289127
S0236,7,250,248.008097166,14.3350809717,35.511917004,97.4,221.2914979757,0.546437247,2.2429149798,6.773562753,0.0198987854,1167.9884615385,1053.9848178138,2.2822064777,0.2115789474,2.6213573077,-0.4759062551,21.7622303644,-0.4742265182,0.6881578947,0.7258918016,-0.4473274494,-0.3207937045,-0.4980598178,71.345694332,1.075951417,6.6493927126,5.8757625506,-0.4365789474,52.6993117409,6.5851012146,0.02034,-0.42683,2.012195,-0.45122,-0.31,-0.49829,20.5621165992,-0.0859575101
S0237,7,2,9,20.258,35.369999,230.2,228,0.07,0.8,0,0,2334.9,2045.8,-1,-1,-1,-1,-1,-1,-1,-1,-1,-1,-1,-1,-1,-1,-1,-1,-1,-1,-1,-1,-1,-1,-1,-1,-1,-1
S0238,10,50,49.6666666667,17.2896666667,35.6613336667,-1,240.9,0.1133333333,0.6666666667,1.2666666667,0.0633333333,2352.9,2054.4,-1,-1,1.92195,0.04878,-1,0.0363,0.07,0.06634,0.00488,0.78049,0.01268,-1,3.01,18.46,-1,0.07,148.62,25.64,-1,-1,-1,-1,-1,-1,-1,-1
S0239,10,85,84.2522522523,10.9463828829,35.249001,-1,227.3765765766,0.5186486486,2.781981982,7.0968468468,0.2913513514,2328.4,2127.3,-1,-1,2.6439,0.04878,-1,0.0842,0.12,0.10146,0.00293,0.80976,0.00683,-1,3.21,19.43,-1,0.11,147.10001,26.05,-1,-1,-1,-1,-1,-1,-1,-1
S0240,10,100,99.1171171171,10.6984099099,35.249001,-1,237.781981982,0.5997297297,3.8630630631,8.786036036,0.2102702703,2328.4,2127.3,-1,-1,2.6439,0.04878,-1,0.0842,0.12,0.10146,0.00293,0.80976,0.00683,-1,3.21,19.43,-1,0.11,147.10001,26.05,-1,-1,-1,-1,-1,-1,-1,-1
S0241,10,150,148.7035294118,10.7997129412,35.3236776471,-1,210.7475294118,0.7352705882,5.3661882353,11.6174117647,0.0498588235,-1,-1,3.85,0.1,11.0365047765,0.0294766118,39.798,0.1557051765,0.4481647059,0.3139975059,0.01268,0.6927488941,0.0058913647,146.07201,3.2766117647,20.4970823529,12.6039,0.3978823529,142.5416470588,25.2263058824,-1,-1,-1,-1,-1,-1,41.9805,0.81951
S0242,10,185,183.3333333333,9.462,35.0979996667,-1,195.1,0.9933333333,7.6666666667,15.4,0.0533333333,1545.5,1434.7666666667,-1,-1,4.661,-0.417075,-1,-0.37745,-0.185,-0.210245,-0.49756,-0.260975,-0.498535,-1,1.405,10.68,-1,-0.11,72.65,13.44,-1,-1,-1,-1,-1,-1,-1,-1
S0243,10,2,10,15.0723333333,35.038667,69.4333333333,255.2,0.09,0.7533333333,0.2,0.0533333333,769.6,688.8333333333,0.9933333333,-0.6066666667,1.86179,-0.3040666667,12.0357666667,-0.3224333333,-0.24,-0.2413,-0.3297533333,0.2910566667,-0.32748,47.3866666667,1.5433333333,13.1133333333,3.5359333333,-0.2233333333,81.52,13.5766666667,-1,-1,-1,-1,-1,-1,11.1642333333,-0.4
S0244,12,30,29.7835497835,16.5913030303,36.1234363939,-1,220.1073593074,0.2038095238,1.6223376623,3.5926406926,0.1938095238,2399.8,2061.5,-1,-1,15.8927,0.17561,-1,0.0394,0.05,0.05366,0.0039,0.76098,0.01366,-1,2.75,21.12,-1,0.1,146.82001,19.06,-1,-1,-1,-1,-1,-1,34.5366,1.7561
S0245,13,50,49.6,14.6632,35.9209989,-1,225.95,0.245,1.25,3.78,0.322,2359.1,2107.6,-1,-1,5.29756,0.04878,-1,0.0437,0.05,0.06634,0.00878,0.73171,0.00585,-1,2.6,20.89,-1,0.08,146.39999,20.3,-1,-1,-1,-1,-1,-1,38.8293,2.14634
S0246,14,85,84.4,20.0409478261,36.6965642174,-1,213.04,0.0819130435,0.5744347826,0.6982608696,0.1433043478,2406.2713043478,2096.0469565217,-1,-1,14.2341,0.2439,-1,0.005,0.06,0.0722,0.0039,0.8,0.01854,-1,2.17,22.34,-1,0.03,125.35,13.26,0.58537,0.09756,2.14634,0.08946,0.06912,0.00176,34.8293,1.95122
S0247,15,100,99.4,24.253912,36.874407512,-1,208.7024,0.09512,0.24568,0.0016,0.00848,1199.62,1030.264,2.615,-0.125,4.7842776,-0.46575552,20.3122,-0.5025984,-0.4012,-0.42755784,-0.66569,0.2432384,-0.49394624,73.385,0.6156,6.754,6.1112,-0.47456,48.00904,7.26504,-1,-1,-1,-1,-1,-1,17.554144,-0.10033168
S0248,16,140,139.1755725191,17.1779923664,35.8190142672,-1,120.2083969466,1.058778626,4.3350381679,15.0480916031,0.1003816794,1166.85,1089.6,1.696870229,-0.1019083969,2.9748268702,-0.3213941985,25.7608053435,-0.3252419847,-0.2465648855,-0.0587983969,-0.3679364885,0.095660458,-0.3647509924,84.2526437405,1.490610687,9.1188549618,7.6466679389,-0.3064885496,60.8822137405,9.6867175573,-1,-1,-1,-1,-1,-1,23.0096251908,0.1486141985
S0249,17,180,178.8,14.9393255814,35.8361954093,-1,142.8209302326,0.9017209302,5.1964651163,14.6871627907,0.0334883721,-1,-1,-1,-1,26.9366,0.14634,-1,0.0236,0.18,0.1639,0.00488,0.50732,0.00683,-1,2.17,21.47,-1,0.08,135.11,15.5,-1,-1,-1,-1,-1,-1,41.1707,1.7561
S0250,18,2,9,28.5675,35.6985015,98.1,197.2,0.035,0.365,0,0.01,1168.3,1000.8,2.88,-0.105,9.7,-0.460975,20.1488,-0.49915,-0.33,-0.36829,-0.490245,0.314635,-0.49073,66.6085,0.57,9.79,5.9512,1.245,52.235,9.045,-1,-1,-1,-1,-1,-1,16.8805,-0.12927
S0294,18,10,9.9,20.5831,36.6578999,-1,207.08,0.01,0.21,0,0.011,2396.1,2080.9,-1,-1,16.8976,0.67317,-1,0.0043,0.05,0.09463,0.00098,0.77073,0.01171,-1,2.14,21.75,-1,0.03,135.52,13.2,-1,-1,-1,-1,-1,-1,-1,-1
S0295,18,50,49.6033057851,18.9133636364,36.617447281,-1,209.1338842975,0.0198347107,0.4966942149,0,0.0003305785,2394.3,2080.6,-1,-1,17.9707,0.34146,-1,0.0019,0.04,0.08878,0.00585,0.75122,0.00293,-1,2.15,19.69,-1,0.06,132.39999,12.75,-1,-1,-1,-1,-1,-1,33.561,2.2439
S0296,18,75,74.5454545455,21.8582727273,36.5674534545,-1,198.6272727273,0.0709090909,0.6,0.2363636364,0.15,2392,2065.1,-1,-1,17.6976,0.18537,-1,0.0041,0.12,0.08683,0.0078,0.72195,0.0078,-1,2.18,22.14,-1,0.06,135.98,13.22,-1,-1,-1,-1,-1,-1,38.5366,2.14634
S0297,18,150,149.1018711019,14.1485904366,35.4159990374,-1,162.4810810811,0.9675051975,5.0195426195,14.1114345114,0.0205613306,1162.3,1072.95,0.245,-0.385,2.2126267775,-0.4663882536,22.0883,-0.420785447,0.0375259875,-0.0245573597,0.00488,-0.3646247817,-0.4867444906,65.1035,1.2477754678,8.2120790021,5.9205,-0.3568607069,50.8506443035,7.2045322245,-1,-1,-1,-1,-1,-1,19.1429442827,-0.0675411642
S0298,18,200,198.8004158004,13.0818461538,35.2714834075,145.5,147.2365904366,1.1853014553,6.7858419958,18.0525571726,0.0201247401,2320.5006237006,2160.3496881497,-1,-1,-1,-1,-1,-1,-1,-1,-1,-1,-1,-1,-1,-1,-1,-1,-1,-1,-1,-1,-1,-1,-1,-1,-1,-1
