asample|bsample,BCdis
S0017|S0023,0.06752825465919876
S0013|SS0149,0.07433831265668267
S0028|SS0034,0.1139202869994077
SS0037|SS0158,0.08532664256151012
S0006|SS0046,0.08033816563702112
SS0047|SS0151,0.22832106454275403
S0011|SS0046,0.14742234828587408
SS0043|SS0150,0.10524903080226766
S0018|S0027,0.09502138083469669
SS0035|SS0156,0.13427698963622137
S0002|S0013,0.16929351603860743
S0024|SS0150,0.07035762176072802
S0028|S0029,0.10466958003072968
S0025|SS0046,0.0753259800787025
S0013|S0029,0.051177273187214656
S0013|SS0151,0.24305602557663897
SS0039|SS0046,0.0725825933795301
S0011|SS0150,0.16690226304555877
S0016|S0017,0.0687288434870571
SS0041|SS0151,0.13934936717399382
S0015|SS0150,0.1168308087262433
SS0037|SS0154,0.09318924446041188
S0020|SS0037,0.08298872930190992
SS0033|SS0154,0.1010036732801538
S0015|SS0043,0.1117232205009896
S0018|SS0041,0.06299389355363572
S0015|SS0155,0.11054270574269909
S0008|S0020,0.1743966413722372
S0008|SS0151,0.10883313818407636
S0020|SS0040,0.15214154049165363
S0021|SS0040,0.1083317245687121
S0013|SS0035,0.10814209814445697
S0024|SS0035,0.07487927390294769
S0002|S0009,0.143859287100214
S0023|S0026,0.07138738544158629
S0027|SS0046,0.1266092344926869
S0013|S0026,0.1098251120153052
S0016|S0029,0.07684831741735365
S0013|S0020,0.047551539662702536
S0020|SS0154,0.08919085883943034
S0015|S0027,0.11677988001937212
S0009|SS0156,0.19704100178536366
S0004|SS0149,0.080202858795556
S0004|S0029,0.061720344828148144
S0010|S0011,0.08288320905655588
S0006|S0010,0.08036086308680213
SS0037|SS0045,0.09183834764067222
SS0033|SS0048,0.0748411140974865
SS0043|SS0048,0.07418452563191713
S0016|SS0043,0.09864464905548254
S0015|S0019,0.055077147067113086
S0018|S0025,0.05482897432184142
S0001|S0027,0.22880106854602156
S0004|S0005,0.07354909844310775
S0005|S0021,0.08229072550186811
S0009|S0012,0.10099509568808662
S0001|SS0033,0.31315118666750963
SS0040|SS0158,0.15077190746925406
SS0036|SS0037,0.04020047402478688
S0022|SS0156,0.1270346744080224
SS0151|SS0156,0.053852256923137665
S0024|SS0151,0.15370784278096006
S0021|S0025,0.06745878973330321
S0016|SS0039,0.10687571519320038
SS0045|SS0157,0.11546444535889966
S0015|S0022,0.09012703962484359
S0023|SS0033,0.08711755441477442
SS0043|SS0149,0.10624605646176255
S0029|SS0043,0.12531348645613305
S0019|S0029,0.06761220452191086
S0018|SS0047,0.12281962536346613
S0001|S0015,0.30478381069754246
S0003|SS0153,0.1008468069017725
S0028|SS0036,0.11629732018686767
S0012|SS0035,0.12894189686034097
S0002|S0004,0.16913440098549348
S0002|S0026,0.100607398746408
S0021|S0022,0.04391752248034564
S0016|S0020,0.0708198199348935
SS0039|SS0041,0.07221110679326836
S0024|SS0153,0.07786295188001802
S0010|SS0047,0.09867678221963594
S0016|SS0037,0.0677798588824452
S0018|SS0153,0.09328097776510769
S0018|SS0039,0.06276719433089473
S0001|S0028,0.3117294757623321
S0008|SS0041,0.09583213127241952
S0008|S0015,0.15132460124192948
S0012|S0028,0.12556139513264886
S0019|SS0036,0.06974056582935917
SS0035|SS0153,0.10076787851301094
S0002|S0019,0.12422812803912942
S0023|SS0158,0.07538970187190619
S0022|SS0158,0.09631479316027747
S0022|SS0150,0.07142582757478966
S0013|S0023,0.09787185661090048
S0011|S0017,0.14676382712204084
S0028|SS0045,0.15194169306454497
SS0046|SS0150,0.09908086125023852
S0019|SS0158,0.07326440107652865
S0001|SS0048,0.3086594197631286
S0005|S0009,0.0904567093302221
S0005|SS0043,0.08803138054075921
S0003|SS0048,0.11839518889690492
S0003|SS0149,0.11445320882713228
S0012|SS0151,0.2654360658374906
SS0040|SS0041,0.0802893301923544
SS0037|SS0040,0.09602211124973059
S0029|SS0040,0.1682115208071
S0003|SS0035,0.0908655831996622
S0002|S0017,0.07517085578465565
S0002|S0012,0.18939265938172734
S0024|SS0158,0.08984663520327518
S0016|S0024,0.06345347637773269
S0023|SS0039,0.09326596720181612
S0024|SS0039,0.07393789055704703
SS0034|SS0157,0.1255754072776991
S0011|S0026,0.13669579495551665
S0016|SS0153,0.07344473941193708
S0009|SS0048,0.11229418424935067
S0006|SS0048,0.1062281926466021
SS0033|SS0047,0.0686925034663276
S0004|SS0033,0.09891703686199516
S0008|SS0150,0.08888919855595279
S0008|S0019,0.14367641522550156
S0005|SS0037,0.06746396311116853
S0005|S0008,0.13628361430059222
SS0036|SS0046,0.0699393035549889
SS0036|SS0150,0.06320475513199242
S0009|SS0035,0.11424217313668505
S0024|S0027,0.08339476298302961
S0025|SS0156,0.1305520670010505
S0023|SS0150,0.07875987470930024
S0026|S0029,0.1110928952415392
S0028|SS0150,0.12761995777765145
S0017|SS0042,0.08397784246316209
S0010|SS0048,0.10381735282886517
S0010|S0015,0.06855363494888012
S0010|S0017,0.095050762336366
SS0037|SS0041,0.07583424186026877
S0006|SS0041,0.07493340848572816
S0006|SS0047,0.11119946214814702
S0028|SS0043,0.1362704275015828
S0017|SS0043,0.09673954627329107
S0008|SS0039,0.08932019031694804
S0005|SS0041,0.08610469874607152
S0005|SS0045,0.10591569470520434
S0005|SS0033,0.08668554694851505
S0012|S0025,0.11878420494129627
S0003|S0010,0.09937032709056437
S0003|S0026,0.07584891184093479
S0027|SS0040,0.11140155131496843
S0002|SS0046,0.11992362864704786
S0029|SS0047,0.09581981454789201
S0020|S0021,0.09859175941443599
SS0045|SS0156,0.08881233919416343
S0016|S0021,0.06787100153578984
S0023|SS0041,0.08173614596324252
S0015|SS0048,0.10858711510200458
SS0034|SS0153,0.08780045537484704
S0028|SS0153,0.10301396661714002
S0029|SS0153,0.08108990372853397
SS0046|SS0153,0.11421071713852937
S0009|S0023,0.09069641358974201
S0004|SS0153,0.09979499883299014
S0009|S0016,0.08384814570633059
SS0037|SS0048,0.09960974210050089
S0011|SS0043,0.1463750004663269
S0013|SS0033,0.09380536630453273
S0004|SS0155,0.1298061460336024
S0005|S0023,0.0673329655855025
S0012|SS0158,0.0836839387730286
S0019|SS0040,0.12061202381735292
S0017|SS0035,0.08406948325608776
S0002|S0005,0.11068159130747401
S0028|SS0157,0.17142657327728483
S0022|SS0149,0.09442198026103688
S0028|SS0046,0.1339395637515819
SS0046|SS0158,0.1139029878261919
S0016|S0027,0.1066294262588906
S0021|SS0156,0.14071662285398512
S0016|SS0151,0.19337853589681775
S0013|S0025,0.09695684764762591
S0013|SS0034,0.10673621122200017
S0024|SS0045,0.08775126670928757
S0011|SS0041,0.15952793829769862
S0009|SS0151,0.22646613795381454
S0006|SS0149,0.0959476613578315
S0022|SS0033,0.10374451659033523
SS0043|SS0153,0.11372147180393344
S0019|SS0034,0.06918727552422
S0009|SS0155,0.1180739620087895
S0012|S0016,0.09647155115040063
S0003|S0028,0.1333658844472655
S0002|S0027,0.10161961049403079
S0023|S0028,0.09481489643227825
SS0149|SS0157,0.16761626279758135
S0023|SS0156,0.1437882480537066
S0017|SS0156,0.12028814355952666
S0027|SS0039,0.10257246705082645
S0015|S0016,0.041626345553323896
S0015|S0017,0.0902610409149428
S0010|S0013,0.07344377402447666
S0026|SS0155,0.08962342291318881
S0003|S0016,0.08001965987701487
SS0033|SS0036,0.08196840095413405
S0002|SS0048,0.14489774913357423
S0027|SS0156,0.12015188064003612
S0026|SS0151,0.16041966710603606
S0013|SS0150,0.1426012670971386
S0026|SS0041,0.0795013854002461
S0011|S0015,0.08308931811378673
S0010|SS0149,0.07674809050794784
S0006|S0009,0.0988851984542044
S0011|SS0034,0.1354227372156509
SS0033|SS0158,0.08465757602853452
SS0033|SS0151,0.210214076792258
S0028|SS0155,0.11611073523248494
S0001|S0016,0.286586468806208
S0008|SS0037,0.12010595096194598
S0008|S0016,0.13301937921100115
S0008|SS0033,0.1609215601744931
S0001|S0024,0.25205686823770357
S0005|S0029,0.08669711739504238
S0005|S0022,0.08467587183111924
S0001|S0025,0.2654102562715186
S0001|SS0149,0.3147674274122133
S0003|S0019,0.08924866330001724
S0001|S0003,0.23083651527195992
SS0035|SS0040,0.08656373890065738
S0026|SS0035,0.0743353447550692
SS0034|SS0035,0.04792572639736015
S0002|SS0036,0.09642206416355914
S0002|SS0035,0.1141174131717253
S0026|SS0158,0.10044460073505368
S0028|SS0151,0.21794410752079407
S0023|S0029,0.08798996280083016
SS0046|SS0156,0.13701334582454117
S0016|SS0149,0.07382337535743744
S0011|S0027,0.1735522427070365
S0029|SS0041,0.13611512622505084
S0015|SS0042,0.12426109214307657
S0019|S0023,0.06299599951666957
S0005|S0013,0.074347460401743
S0003|S0017,0.058530963965407024
S0003|S0013,0.1308078981947136
SS0040|SS0150,0.08308109316442458
S0017|SS0040,0.08267472998754333
SS0035|SS0151,0.16288171606620527
SS0035|SS0043,0.07903094192921645
S0002|S0024,0.08705632324902068
S0016|S0026,0.07697910505533401
SS0047|SS0048,0.05059058317035492
SS0034|SS0156,0.11904313469859618
SS0048|SS0154,0.11331714202914656
S0009|SS0157,0.1790904983814029
S0010|SS0034,0.09312638709854637
S0028|SS0037,0.11006778151442265
S0027|SS0045,0.11988056652897328
S0028|SS0033,0.11441913901959755
S0010|SS0043,0.11168636323277559
S0016|S0019,0.04637941003685653
S0019|S0022,0.08392041632508296
S0012|S0024,0.13019266032055465
S0003|SS0045,0.08896844255864411
S0020|SS0158,0.06521746209417645
S0025|S0026,0.04696310237265311
S0020|S0029,0.04785218993822593
S0013|SS0158,0.07586217387021887
SS0042|SS0154,0.14420779220365765
SS0048|SS0153,0.10528254735457476
S0015|S0021,0.08469735315163252
SS0037|SS0042,0.08097575901051102
S0006|S0011,0.12298264301576345
S0025|SS0043,0.08712722203010603
S0017|S0019,0.07310346652714117
SS0041|SS0155,0.09484079074495622
SS0154|SS0155,0.10213952046126695
S0005|S0011,0.10052956975963434
S0002|SS0155,0.11133263796790882
S0002|SS0040,0.0824698536571653
S0026|SS0047,0.11645651266095103
S0022|SS0048,0.10992372251897164
S0025|SS0034,0.04463647187518127
S0011|SS0151,0.270239008306683
S0017|SS0041,0.0642823865385217
S0015|S0020,0.06871125126406208
SS0041|SS0153,0.10096137849817355
S0004|SS0150,0.1493636657426083
S0006|S0015,0.0850622411666555
S0006|SS0150,0.09486389162807374
SS0046|SS0151,0.16356077754064746
S0011|S0013,0.05033152087531734
S0020|SS0033,0.08355461695322786
S0015|S0018,0.08841218540772178
S0019|SS0156,0.1657211112798147
S0019|SS0043,0.09369430255569322
S0001|SS0042,0.24263457256700527
S0012|SS0042,0.16446621011749762
S0003|S0012,0.15023021025330596
S0001|S0017,0.24140401585054538
S0001|S0005,0.28816176876987165
S0026|SS0157,0.13283928011943957
S0029|SS0151,0.24185692967026806
S0017|S0025,0.06215736735077659
SS0153|SS0156,0.16094916594384356
S0004|S0026,0.11794836499028605
S0006|S0026,0.06261091006773467
S0009|SS0033,0.10909994222882902
SS0043|SS0154,0.13033709475904987
S0021|SS0043,0.1031620218959961
S0019|SS0045,0.11400328216834033
S0001|S0021,0.2617904170770502
S0025|SS0040,0.08464421198422045
S0020|SS0035,0.09651745742765827
S0002|S0006,0.09673675402662485
SS0039|SS0149,0.12440442287795705
SS0039|SS0153,0.11554464652198604
S0009|S0025,0.09688555131108334
S0010|S0028,0.09891677658581755
S0010|S0016,0.058851378997034076
SS0045|SS0150,0.09160882618797572
S0006|SS0033,0.0964623586886516
S0024|SS0043,0.0856100486065613
S0019|SS0151,0.19541445256151047
S0003|SS0039,0.07515517333351907
S0003|SS0157,0.10384526750887035
S0016|SS0040,0.12197198211985538
S0028|SS0040,0.15382313836078654
SS0036|SS0039,0.06082916677479533
SS0035|SS0041,0.08541367785866649
S0006|SS0035,0.059974269128762026
S0023|SS0035,0.08384743190164157
S0002|SS0042,0.09574742233556599
S0024|S0026,0.06043492326093003
S0028|SS0156,0.1877693623839679
S0023|SS0042,0.10191931414107436
S0011|SS0156,0.2388429414350658
SS0039|SS0045,0.051048667068554265
S0015|SS0039,0.12607903061263392
S0015|S0024,0.08333558332196622
S0004|S0021,0.11735479352629352
S0015|SS0037,0.07947590960057771
S0004|S0006,0.09930369181447452
S0009|S0013,0.09306290171082288
SS0033|SS0157,0.16842750846433663
S0017|SS0033,0.11239875762916585
S0020|SS0043,0.11163779536941032
S0019|S0020,0.050939965239412244
S0018|SS0048,0.11379210973930609
S0019|SS0033,0.08221917814193502
SS0155|SS0157,0.12051111376613766
S0005|SS0157,0.15372860824469503
S0003|SS0037,0.0786080089155543
S0003|S0022,0.07054179655608583
S0003|S0021,0.07952072236653984
SS0036|SS0040,0.08048475016375212
S0013|SS0036,0.10920537970030131
S0002|S0018,0.07832657111564645
S0025|SS0048,0.10326700647111031
S0020|S0026,0.09474617604598679
S0021|S0024,0.05484041413417362
S0013|SS0048,0.11321662016648248
SS0039|SS0150,0.06749277376514784
SS0045|SS0047,0.1448955308043397
SS0041|SS0048,0.1066146021729577
SS0149|SS0154,0.07347901829515946
S0015|SS0047,0.09918459625618015
SS0151|SS0153,0.19374647160169367
S0009|S0028,0.10099348549837639
S0010|SS0041,0.10831419551960109
S0010|S0018,0.09406047556388653
S0018|SS0037,0.06547734541356032
S0019|SS0046,0.08960761126867467
S0018|S0029,0.11966418675241397
S0029|SS0155,0.11934343844603157
S0008|S0011,0.20904174731531833
S0008|SS0149,0.16060281483750383
S0004|S0008,0.19097455830672772
S0012|SS0156,0.23423328711301816
S0003|SS0042,0.08533677796976402
S0003|SS0158,0.11182506570124362
SS0033|SS0040,0.13779959598615743
SS0035|SS0046,0.06300608234172855
S0025|S0029,0.09932799166604855
SS0046|SS0047,0.10541782964841606
S0013|S0016,0.07976520377442264
S0021|SS0150,0.08020722743086905
SS0149|SS0150,0.10748315297306332
S0020|SS0041,0.12370085611621928
S0004|S0015,0.07728482840823792
S0004|SS0151,0.2492721228651802
SS0037|SS0039,0.07801301448657949
S0011|SS0045,0.18501820959755588
S0017|SS0150,0.07796661621988321
SS0043|SS0158,0.11407779054366918
S0001|S0029,0.3428052070593419
S0008|SS0155,0.11883518831910811
S0012|S0023,0.11487599230371537
S0001|SS0034,0.2586881004983279
SS0040|SS0155,0.10387390776630723
S0002|SS0156,0.09876469909961316
S0002|S0021,0.10005950852729395
S0024|SS0047,0.10963374536017745
S0021|S0028,0.09573577678421685
S0009|S0024,0.10119168188339422
S0009|S0029,0.09127349255075878
SS0037|SS0157,0.1336842390683064
SS0037|SS0047,0.09509934032499279
S0006|S0028,0.11653082579822949
S0029|SS0045,0.16070114638643795
SS0045|SS0151,0.10913348433438042
SS0033|SS0153,0.09354014566437996
S0011|S0018,0.14389307218855674
SS0042|SS0155,0.10169601585392585
S0008|SS0046,0.13577371320257559
S0005|SS0042,0.09648407422952476
S0005|S0017,0.07247869580908528
S0001|SS0046,0.27539291013156775
S0001|SS0155,0.26572151247635023
SS0040|SS0157,0.1026419754463157
S0016|SS0035,0.08871426731850152
S0002|S0025,0.09845338433357709
S0026|S0027,0.10272688454775913
S0020|SS0047,0.09066873275636378
S0029|SS0039,0.14993494494746828
S0013|SS0157,0.20358853318095593
S0024|SS0034,0.06076652319034792
SS0041|SS0047,0.11856293849765964
S0022|SS0041,0.07906098331726719
SS0041|SS0046,0.09069625469349851
SS0047|SS0154,0.10404520212666901
S0004|SS0045,0.16336461675716818
SS0034|SS0046,0.06244116642488873
SS0043|SS0157,0.14611234881145352
S0026|SS0043,0.09366228164780666
S0019|SS0037,0.061713622473594576
SS0047|SS0155,0.10657558629429242
S0012|S0029,0.052649487217340196
S0008|SS0035,0.12965532704365335
S0002|S0003,0.05639793288085804
S0025|SS0149,0.0845323976898481
S0025|S0028,0.10223176124368072
SS0047|SS0158,0.09221103999762648
S0024|S0029,0.10528673064247263
S0020|S0027,0.13654932920964102
S0011|S0025,0.12509369409539317
SS0041|SS0157,0.11430772198922512
S0013|SS0153,0.09424196623994241
S0009|S0026,0.10953100525862114
SS0033|SS0045,0.12316416499944638
S0019|S0027,0.11478851727776607
S0008|S0017,0.09548849446173657
S0005|S0020,0.07197873212181538
S0012|S0017,0.1426586450509041
SS0036|SS0153,0.08305561386957261
SS0036|SS0157,0.12155318528775094
SS0035|SS0150,0.09167553823119645
S0002|SS0033,0.14706957150971778
S0029|SS0048,0.11184856665354526
S0017|S0022,0.06721077712165469
S0020|S0023,0.08229563381379157
S0021|SS0042,0.10611689589037632
SS0041|SS0158,0.1208906928737461
S0015|S0026,0.09412086898059524
S0017|S0018,0.03622705175605423
SS0039|SS0155,0.08417932412501228
S0008|S0022,0.09555817466182626
S0005|S0016,0.05476680330088379
SS0040|SS0151,0.09147530048868124
SS0036|SS0154,0.10706028856927396
S0002|SS0153,0.12863211658680018
S0027|SS0048,0.13823547571680272
SS0047|SS0156,0.19894480939120052
S0026|SS0156,0.13336343145432972
S0022|S0023,0.04293225609091034
S0021|S0023,0.04298565525495446
S0020|S0024,0.093978813569354
S0013|SS0039,0.1463623865166901
S0027|SS0034,0.09870903969658285
S0013|SS0042,0.14255073599406165
SS0041|SS0156,0.11584427723113977
S0029|SS0154,0.08371540784544562
S0015|SS0041,0.10372470039245751
S0009|SS0154,0.10189366659243504
SS0033|SS0042,0.10799929553765975
S0001|SS0047,0.32666286380447296
S0010|SS0155,0.10645973866529668
S0008|SS0154,0.1588002451317242
S0008|S0024,0.10179407164717769
S0008|S0018,0.09756575091883934
S0005|SS0047,0.09865125885200343
S0001|S0022,0.24618531760906348
S0012|S0027,0.17241794281553235
SS0040|SS0046,0.09091914226130215
SS0035|SS0045,0.06923452888580583
SS0035|SS0039,0.07707124142530686
S0023|SS0047,0.09979745581058341
S0025|SS0150,0.07910069626506744
S0025|SS0151,0.15928071216809725
S0016|SS0156,0.16460366185432007
S0017|S0026,0.06845826869381877
SS0048|SS0156,0.18454999659038152
S0020|SS0034,0.09427712196289673
SS0042|SS0149,0.1269483226096516
SS0034|SS0047,0.10936021251632833
SS0046|SS0154,0.12931990400661053
S0022|SS0153,0.0770659064113931
S0010|SS0039,0.12535624940681422
S0013|SS0037,0.09533056935153916
S0017|SS0046,0.09389818087912272
S0011|S0021,0.1323868214921412
S0019|SS0153,0.07419066879258407
SS0035|SS0037,0.06993351587627561
S0002|SS0154,0.1506058239157153
S0002|S0016,0.11219777898248529
SS0151|SS0157,0.11200019435376984
S0022|S0027,0.07011609766678784
S0029|SS0158,0.06347943690435198
S0027|SS0151,0.1497303502889723
SS0039|SS0156,0.08179270855352361
S0016|S0023,0.05307786558574912
S0016|SS0157,0.15071616292370482
SS0045|SS0158,0.1438793483543931
S0027|SS0041,0.10030147315323712
S0024|SS0154,0.10097977575109962
S0027|SS0154,0.11052530629287571
S0015|S0025,0.08391777784062615
S0021|SS0153,0.07419124244124697
S0010|SS0046,0.11292801912273409
S0006|SS0034,0.056439250714062195
S0006|S0018,0.057395052700057625
S0005|S0019,0.04831298685651608
S0012|SS0047,0.1117605171894055
S0003|SS0047,0.12941441119930197
S0003|S0008,0.0846751277937694
S0004|SS0036,0.11862355290494775
S0001|SS0151,0.14645277021327352
S0028|SS0047,0.11923246409832022
SS0046|SS0157,0.14356654301977279
S0021|SS0048,0.10387848911977371
S0020|SS0042,0.1306946277187362
S0013|S0022,0.12353628404214623
SS0041|SS0045,0.0797536671473269
S0009|SS0149,0.09484126407734306
S0004|SS0158,0.07321050273428409
S0010|SS0150,0.11993646602655361
S0009|S0015,0.09267954630583908
S0009|S0018,0.11315223830517718
SS0155|SS0156,0.13457245155991626
S0008|SS0034,0.11428486991952724
S0005|SS0034,0.06936043973141826
S0012|SS0150,0.163060840282518
S0020|SS0036,0.09619077159075307
SS0035|SS0154,0.11402297622805457
S0001|SS0035,0.2727699368728769
S0025|SS0157,0.13006720450006515
S0022|SS0157,0.10638427328110733
S0027|SS0150,0.07060616206985348
S0016|S0022,0.07211292360238619
S0017|S0024,0.054196547537955664
SS0034|SS0042,0.08001758768892464
S0004|SS0154,0.10773074540651284
S0004|SS0034,0.11776508076788317
S0004|S0017,0.1299243485399748
S0006|SS0037,0.06782716166567804
SS0033|SS0156,0.18000138470454796
S0019|S0026,0.0697690297344743
S0019|S0025,0.05640717825180741
S0018|SS0045,0.07856391309927313
S0008|S0028,0.16448070763340727
S0008|S0026,0.11874396619974015
S0012|SS0041,0.15702242847787917
S0012|SS0155,0.14349475676024714
S0009|SS0040,0.15499115730930768
S0001|S0019,0.29702634945415685
S0002|S0023,0.10110542733937178
S0029|SS0046,0.1251225448704565
S0013|S0024,0.11037254320190593
SS0039|SS0151,0.10795853853388226
S0023|SS0154,0.086164527547954
SS0151|SS0154,0.21520550988340525
S0015|S0028,0.11175647438066416
S0025|SS0153,0.08178604123741073
S0004|SS0157,0.20421180069955813
S0006|S0023,0.0719248318305934
SS0034|SS0151,0.14890840174823228
S0019|SS0047,0.0940878770594703
S0018|SS0034,0.05839804272053084
S0022|SS0155,0.07491613735364833
S0012|S0026,0.13110935417690883
S0012|SS0046,0.14054010916703485
S0003|SS0033,0.11450195770080873
S0012|S0018,0.13783942682997397
S0001|S0012,0.36622816981798334
S0026|SS0040,0.09275773748162963
S0016|SS0036,0.07594257205735122
SS0035|SS0042,0.08349973058941718
S0023|SS0048,0.09998679407158628
S0021|SS0047,0.10835700486447442
S0011|SS0048,0.12911781786037746
S0017|SS0048,0.11634492020078391
SS0039|SS0154,0.13867207289582806
S0010|S0021,0.08246656498489036
S0004|SS0046,0.12770258294510184
SS0037|SS0151,0.16583136286623834
SS0043|SS0151,0.17394508793216046
S0004|S0018,0.12575318017646608
S0019|SS0150,0.10003216958969985
S0018|S0028,0.12466663053730864
S0024|SS0155,0.07206571611803747
S0001|SS0043,0.2778111624149028
SS0036|SS0158,0.09865533851483721
S0024|SS0036,0.057700544372805695
S0001|S0008,0.17007125787977306
S0027|SS0035,0.11499181301020878
S0028|SS0149,0.10085809974529492
S0024|SS0157,0.11370743817381057
SS0042|SS0048,0.10852809319426815
S0015|S0023,0.06846781692752535
S0004|S0027,0.15662424473717962
S0009|S0021,0.09506536561915191
S0018|S0026,0.06221927367451496
S0005|S0028,0.11356366062656864
S0010|SS0040,0.140744273124229
S0006|SS0040,0.09229274991000247
S0006|SS0036,0.06514431087143269
S0002|SS0047,0.16172608840581093
S0017|SS0039,0.06999881454396217
SS0042|SS0150,0.09730666104142549
S0017|SS0047,0.12699322083604125
S0025|SS0154,0.09690031770039487
S0015|SS0045,0.13692054035366708
SS0045|SS0153,0.13092030974389213
SS0037|SS0149,0.07406517820872827
S0006|S0017,0.06272311693739785
S0017|SS0034,0.0674518970666178
SS0033|SS0039,0.11627462364520691
SS0033|SS0043,0.07522413254912019
SS0033|SS0150,0.11154024186720546
S0018|SS0157,0.11657667522066262
SS0034|SS0155,0.07171875511055403
S0008|SS0157,0.0699306352628053
S0008|S0021,0.10883597083428609
S0003|SS0041,0.0660405364207548
SS0156|SS0157,0.09150762584031746
S0028|SS0039,0.14301177393194364
SS0039|SS0158,0.1346539715122016
S0021|S0027,0.07884435592902561
SS0034|SS0158,0.09901829460860112
SS0046|SS0048,0.09676481997420627
S0016|SS0041,0.08596106373627521
SS0047|SS0153,0.09611857925614531
S0009|SS0153,0.10305330928949574
S0010|S0027,0.127548752209251
S0025|SS0037,0.05987410237404478
S0026|SS0037,0.07342748900650242
S0006|SS0039,0.0812370363638204
SS0045|SS0046,0.07270535199302297
S0021|SS0046,0.10251991901477364
SS0037|SS0043,0.07630939367498724
S0009|S0019,0.08763815505430173
S0018|S0024,0.05042967013478972
SS0033|SS0155,0.07997844953209987
S0001|SS0158,0.31922829221603555
S0005|SS0149,0.08174347097526957
S0003|SS0156,0.11759502593210602
S0005|SS0035,0.07537846233268408
S0002|SS0041,0.07748885907720648
S0023|SS0157,0.12682838948503294
SS0150|SS0156,0.0942842459476565
S0020|SS0151,0.22758937555007674
SS0048|SS0158,0.10089129036684563
S0011|SS0047,0.11280204730168408
S0004|S0020,0.06040772277703077
S0022|SS0037,0.07560154475342928
S0006|S0013,0.09537184904378271
S0017|S0029,0.12283895636786668
S0022|SS0045,0.1031771131083905
SS0041|SS0043,0.08724303032176062
S0004|SS0043,0.12615217192190997
SS0045|SS0155,0.10088425689037595
S0008|SS0156,0.08851621478299687
S0008|S0013,0.18864351782896505
SS0036|SS0045,0.07759736392254468
SS0035|SS0155,0.08550140732796341
S0021|SS0035,0.08984448092559383
S0002|SS0037,0.10672860849838262
S0023|S0027,0.08124837181717826
S0016|SS0048,0.10050777714880521
S0013|SS0047,0.09935228856936829
S0013|S0027,0.154552223266069
S0021|SS0034,0.07673752076745943
SS0042|SS0046,0.07506878890525637
S0009|SS0046,0.1290419167717176
S0004|SS0037,0.1044763857168084
S0023|SS0037,0.06271495299692398
S0011|SS0037,0.118856987031566
S0006|SS0156,0.14005680417439859
S0015|SS0033,0.09701595775348992
S0019|SS0041,0.0933136409647416
S0018|SS0151,0.14268312050031862
S0020|SS0155,0.10984543780366463
S0003|S0006,0.06864311125679101
S0003|S0024,0.061391980974613625
S0011|SS0040,0.19388451384602057
SS0036|SS0047,0.10354535060677406
S0002|S0022,0.08536853234422936
S0001|S0002,0.19183014856108993
S0028|SS0158,0.09533424907549926
S0020|S0022,0.10708719325644667
S0029|SS0150,0.1364378787941175
S0022|SS0046,0.10353684169597954
S0026|SS0039,0.08130592651247559
SS0048|SS0151,0.21234890317882793
S0020|SS0048,0.1017198757001978
S0017|SS0149,0.10870488789206134
S0015|SS0156,0.18358505062176966
S0010|SS0153,0.0846185178913208
S0006|SS0158,0.09614794831270457
S0006|S0027,0.1134571991295219
S0013|S0018,0.11516641027327523
S0001|S0013,0.3452284986286154
S0025|SS0155,0.08005485506937227
S0008|SS0048,0.16020673513409345
S0005|SS0039,0.09882250433318629
S0005|S0018,0.06736163656163496
S0012|SS0045,0.17887357907903045
S0012|SS0149,0.08583616227150681
S0012|S0020,0.06154001652236085
S0001|SS0157,0.16811703675043643
S0025|SS0042,0.08631000571467651
SS0045|SS0048,0.1295021501262419
SS0046|SS0149,0.10285553354370225
SS0045|SS0149,0.1369678397186942
S0028|SS0154,0.09786623394751115
SS0150|SS0153,0.08923362039491722
S0011|S0020,0.06913868360101594
SS0043|SS0156,0.1489629525544962
S0009|SS0043,0.12841505235177586
S0017|SS0155,0.09108230464964484
S0008|SS0043,0.1367521005336343
S0005|S0010,0.06587192982834034
SS0150|SS0157,0.09265660103793483
S0022|S0028,0.1015377297747766
S0013|S0028,0.11700953013155535
S0026|SS0034,0.06360719190838215
S0026|SS0154,0.11104108695771164
S0011|SS0154,0.1113259315946592
S0004|S0024,0.11579726893129483
S0006|SS0154,0.11330658728277676
S0006|S0016,0.06734393558035057
S0006|S0025,0.05071624164033717
S0010|S0019,0.06251044898923108
S0003|S0018,0.05924428281614236
S0022|SS0036,0.07191227985729975
S0021|SS0036,0.0744750840778945
S0001|SS0036,0.25512445256352156
S0002|S0029,0.16960428592799082
S0026|SS0149,0.09759484478615688
S0026|SS0046,0.08630775822315417
S0025|SS0039,0.07376008550588531
S0017|SS0158,0.11205373959350129
S0020|SS0046,0.10886304043103945
SS0042|SS0153,0.12405031968701274
S0010|SS0045,0.1355690823096969
S0006|SS0042,0.08490603426940613
S0020|SS0045,0.14338840071867887
SS0033|SS0149,0.0688663499961839
S0029|SS0033,0.09131471156434412
S0019|S0028,0.10488205975964882
S0019|S0021,0.07950149225985048
S0001|SS0153,0.28753068464721976
S0008|SS0045,0.10524874522508476
S0012|SS0033,0.10954849928905175
S0003|S0011,0.1514182790730738
SS0036|SS0048,0.10067104534756866
S0011|SS0036,0.135585713196256
S0008|SS0036,0.10891826052345421
SS0035|SS0048,0.10281022008539709
S0027|SS0158,0.12305210450653004
S0025|SS0047,0.10672534536057476
S0022|SS0047,0.11738410768476526
S0027|S0029,0.14207750241480466
SS0149|SS0151,0.2150621173707028
S0016|SS0047,0.09711281843837516
S0020|S0025,0.08250427244269032
S0016|SS0034,0.07851206763116514
SS0154|SS0157,0.16210800712858542
S0009|SS0041,0.12407393752087903
SS0043|SS0047,0.09081921375385882
S0001|SS0041,0.23399081589953175
SS0151|SS0155,0.1660222243503362
S0004|S0012,0.05506132077335868
S0012|S0019,0.08157546101962343
S0003|SS0034,0.07821599221388831
SS0036|SS0041,0.06997158750690602
SS0036|SS0155,0.07198011795922254
SS0033|SS0035,0.0870947735298212
S0002|S0010,0.13174714910139762
S0024|SS0149,0.0877597598809351
S0020|SS0150,0.12621195367833926
S0017|S0028,0.12498893538314981
S0011|SS0042,0.16951064450473663
SS0034|SS0154,0.10679871403009211
S0015|SS0158,0.07702497542301545
S0010|SS0042,0.12395996301800771
S0004|SS0041,0.1405597813374737
S0010|SS0151,0.21390585803043893
SS0039|SS0043,0.09210351466717648
S0023|SS0043,0.09696503586268401
S0008|S0023,0.11397115112348144
S0012|SS0154,0.11225330747416118
S0003|S0027,0.09236953551702543
SS0040|SS0153,0.1308802707212614
SS0036|SS0151,0.1493256035469519
S0012|SS0036,0.130593968494497
S0027|SS0149,0.11674545885654042
SS0039|SS0048,0.12716868466074083
S0021|S0026,0.07959530005673998
S0024|SS0042,0.08480497872976589
S0016|SS0042,0.10667809421230112
S0011|SS0157,0.224513799049186
SS0041|SS0149,0.11523756872387025
SS0153|SS0157,0.1419856528232335
S0010|S0025,0.07954583438347729
S0009|SS0158,0.07350214231262875
SS0037|SS0046,0.07810172644216351
S0004|S0019,0.0767970611197718
S0019|SS0154,0.09376373833985296
S0001|S0009,0.3191505353922538
S0008|S0009,0.1636842137977631
S0005|SS0048,0.09993511844591751
S0005|S0024,0.0674522450183842
S0005|SS0155,0.09667438384478899
S0005|SS0151,0.18892267348486458
S0003|SS0043,0.09482837003919276
S0015|SS0040,0.14231015288699433
SS0034|SS0040,0.07145540302789621
S0022|SS0040,0.09870206584467534
S0029|SS0035,0.11244536510566572
S0002|SS0150,0.09054883937678437
SS0047|SS0149,0.08281382407876603
SS0048|SS0150,0.1272392469564072
SS0041|SS0150,0.08408469426413312
S0025|SS0041,0.07491931119442907
S0017|SS0154,0.12185617143916161
S0010|SS0154,0.0925918744662777
S0021|SS0045,0.10941141696871015
SS0033|SS0046,0.07308320666884893
SS0155|SS0158,0.10127075921798434
S0008|S0025,0.11724719844180076
S0008|SS0040,0.0913359351608598
SS0035|SS0158,0.10215199567320699
S0020|SS0157,0.1872573923621479
S0026|SS0150,0.08627358725719325
S0029|SS0157,0.19720685593834952
S0027|SS0047,0.14149654604272843
S0029|SS0042,0.14722044917636512
S0029|SS0034,0.11060442413124383
S0021|SS0039,0.09619793636387586
S0026|SS0153,0.09302650684802982
S0004|S0028,0.11903646123932421
S0024|SS0037,0.06432630983050158
S0009|SS0045,0.1502709679002978
S0017|SS0151,0.14634483937378118
S0013|SS0045,0.15606188821282996
S0016|S0018,0.06808622627839434
SS0153|SS0155,0.08606259621127055
S0012|SS0039,0.1693960218117484
S0012|SS0034,0.12885958855286073
SS0040|SS0047,0.1582205311684034
S0017|SS0036,0.06373452725924111
S0024|SS0048,0.0998285292885519
SS0149|SS0156,0.18261074118515663
S0024|S0025,0.05333501254390882
SS0042|SS0156,0.11847776131010523
SS0042|SS0047,0.12543987386709
S0022|SS0042,0.10184164365993276
SS0034|SS0039,0.0579388872650064
S0023|SS0034,0.07037011792739767
S0017|S0020,0.10875462968095573
S0009|SS0039,0.14138868231665191
S0009|S0022,0.09925930009159256
S0010|S0026,0.09258769053531357
S0009|SS0150,0.13610531361579226
S0010|SS0037,0.08325724215117458
SS0034|SS0037,0.055732634400832204
S0018|SS0154,0.12004556567491376
S0018|S0022,0.0685259782558797
SS0037|SS0155,0.07860636234728935
S0006|SS0155,0.09404259808907323
S0005|S0026,0.06886016875015577
S0003|SS0155,0.09100686986359419
SS0035|SS0157,0.14029016965177887
S0002|SS0034,0.10056406612257496
S0020|S0028,0.10146172021932565
SS0150|SS0151,0.12558261604197607
S0022|SS0039,0.08708211074203309
SS0149|SS0153,0.06235684570420319
S0023|SS0153,0.06500660695496485
S0010|S0029,0.07456117737949786
S0009|S0011,0.09743544751873123
S0017|SS0037,0.07114358489833084
S0011|SS0033,0.11257669324066166
S0018|SS0150,0.07289006697331801
S0011|SS0155,0.14662849379767506
S0008|S0027,0.09511673693675704
S0001|S0026,0.26283804464393934
SS0040|SS0149,0.14402240969307334
SS0036|SS0156,0.12022016634602195
S0029|SS0036,0.10994732005358243
S0010|SS0035,0.09940277505411432
S0004|SS0035,0.11705473131650213
S0025|SS0035,0.05707671598112185
S0019|SS0035,0.07839399236748634
S0018|SS0035,0.07639437113068703
SS0151|SS0158,0.22130956230675425
S0023|S0025,0.06088053019614548
SS0039|SS0042,0.07009443013030336
SS0034|SS0149,0.08894971326210432
S0026|SS0045,0.09155584480224632
S0022|SS0154,0.0969472769567018
S0015|SS0149,0.07337604977129153
S0004|SS0156,0.21911659094606128
S0004|S0016,0.08606941550305858
S0010|SS0156,0.18432722065148688
SS0043|SS0046,0.06157553942796046
S0027|SS0043,0.1278512862088227
S0012|S0022,0.1413093217198883
S0003|SS0150,0.07978015670922667
SS0040|SS0042,0.0801443520236218
S0018|SS0036,0.05594973988818219
S0002|S0020,0.15703521121868014
S0002|SS0149,0.14813470589309452
S0025|SS0158,0.0860498239850076
S0020|SS0156,0.19667726412052455
S0022|S0029,0.11478193159949868
S0016|SS0046,0.10114133536174896
S0011|SS0149,0.0870640975604261
S0010|S0024,0.08372485533661433
S0017|SS0045,0.08588433357996994
S0022|SS0043,0.10459954233197666
S0001|S0006,0.2688115065405181
S0019|SS0155,0.09475966452756535
S0005|SS0046,0.08636999046128091
S0010|S0012,0.08557921555305414
SS0040|SS0045,0.04403304199704827
S0023|SS0040,0.1081534985171877
SS0149|SS0158,0.06494347929331667
S0025|S0027,0.09742096151189805
SS0047|SS0150,0.1317208062601376
SS0039|SS0047,0.13974991543426984
S0028|SS0042,0.14677771841092624
S0016|SS0150,0.10127452699764217
S0017|SS0157,0.11718446690238116
S0011|S0024,0.13325008816028683
S0011|S0016,0.09704740540770096
S0021|SS0154,0.08723277045883937
S0015|SS0157,0.16731707535609086
S0027|SS0153,0.0898113457611055
S0015|SS0153,0.0755953134489602
SS0034|SS0045,0.06601153671324211
S0011|S0019,0.08941287698221445
S0018|S0023,0.06741394927112598
S0019|SS0157,0.15943460419033895
S0018|SS0043,0.09183246214481844
S0001|SS0037,0.2694862716183133
SS0048|SS0155,0.10140814499023265
S0008|SS0047,0.17614478042258963
S0008|S0029,0.18480913503419027
S0008|SS0158,0.1626073571823734
S0011|S0012,0.03439141795612277
S0003|SS0151,0.14252242780766844
S0002|SS0043,0.11979156253803924
SS0048|SS0149,0.0947858188851759
SS0042|SS0151,0.13938291968392136
S0021|SS0041,0.0853535523957667
S0009|SS0042,0.14011542015929768
S0006|SS0151,0.16743889123488964
SS0033|SS0034,0.0861056123587749
S0013|SS0155,0.12540746086902188
S0018|SS0033,0.10689041080736661
S0001|S0011,0.3685079157618507
S0003|S0009,0.11822174433432198
S0003|S0029,0.13178711112155206
SS0036|SS0042,0.07016383899063994
S0022|S0026,0.07706237893687173
S0026|SS0048,0.11060394574801302
S0016|S0028,0.10155861614658146
S0023|SS0045,0.10811457597335905
SS0041|SS0154,0.1246287306320254
S0004|S0023,0.10143668206961232
S0010|S0022,0.09015676974409415
S0004|S0011,0.058469402309687335
S0009|SS0037,0.10595082218107077
S0017|S0027,0.09633449898192303
S0018|SS0149,0.10400790476205102
S0005|SS0154,0.1070183984200691
S0012|S0021,0.1317708864137831
S0002|S0015,0.13288462661170852
S0002|SS0157,0.08492940002442173
S0023|S0024,0.04731659839937341
S0016|SS0158,0.0747689040493138
S0026|SS0042,0.09051544546854617
S0011|SS0039,0.17549393465020158
S0011|S0023,0.11508733910791591
S0013|SS0046,0.1190430776786845
S0028|SS0041,0.13168215218186596
S0016|SS0154,0.0923626488491307
S0015|SS0151,0.21303169633589503
S0004|SS0042,0.14855546966263877
S0009|S0010,0.05257510470502069
SS0037|SS0156,0.13579112730833987
S0006|SS0157,0.13980864568287343
S0021|SS0037,0.07509248567275162
S0027|SS0033,0.1278442915595136
SS0034|SS0043,0.08294159413045032
S0013|SS0043,0.12243873667544258
S0001|SS0039,0.2192547315105139
S0005|SS0156,0.1609469393117795
S0003|S0023,0.07229036212577289
SS0040|SS0156,0.06927512464429275
SS0039|SS0040,0.045185431362929296
SS0035|SS0036,0.06522866720485632
S0011|SS0035,0.13548106380654257
S0023|SS0149,0.0743466075892324
S0024|SS0156,0.125166772615544
S0029|SS0149,0.06506954644432528
S0021|S0029,0.10527560415339354
SS0048|SS0157,0.1698330157555643
S0020|SS0039,0.13325892720621868
S0024|SS0041,0.06962925635398887
S0015|SS0034,0.09546387438023674
S0017|SS0153,0.09590654180881808
S0009|S0020,0.08760458235280899
S0010|S0023,0.0713960796560269
S0009|S0017,0.11322473164246882
S0025|SS0033,0.08842830373921051
S0017|S0021,0.07617723415601496
S0019|SS0039,0.10234061862916721
S0019|S0024,0.06658341071181373
S0023|SS0155,0.07590608364241491
SS0150|SS0155,0.07479863978492562
SS0043|SS0155,0.09242552822888395
SS0040|SS0154,0.15201389292489587
S0010|SS0036,0.09281913363414729
S0026|SS0036,0.06777622606175038
S0002|SS0039,0.0803210958484829
S0023|SS0151,0.17389732357699894
S0022|S0024,0.05150214271911158
S0027|SS0042,0.12257645263147465
S0011|S0022,0.14211405802643362
S0010|S0020,0.06985547440518503
S0006|S0022,0.08057342570932058
S0006|S0019,0.06160549071807431
S0018|SS0156,0.11638109815095887
S0016|SS0155,0.0965933995467464
SS0149|SS0155,0.08235310670020235
SS0046|SS0155,0.07997654962159884
S0012|SS0043,0.14230464386912978
S0003|SS0046,0.0965783489903479
S0005|SS0040,0.11421259590398336
S0025|SS0036,0.05612945322963314
S0005|SS0036,0.07082269244101147
S0002|S0008,0.059075720506613916
SS0150|SS0158,0.11946896236287863
S0021|SS0158,0.08513614539154313
S0029|SS0156,0.2099151871889232
S0011|S0029,0.051457938918323176
SS0042|SS0045,0.06891744364297747
SS0154|SS0158,0.07926608141616331
S0015|S0029,0.06640945523178354
S0010|SS0157,0.168486727773407
SS0033|SS0041,0.11044389210846894
SS0033|SS0037,0.07818556363563434
S0019|SS0042,0.1038775809025213
S0019|SS0149,0.06812243064558221
S0001|SS0154,0.30876063429356493
S0001|S0004,0.3471391410339376
S0027|SS0155,0.09171733734278253
S0008|SS0042,0.11261666364317502
S0008|S0010,0.15156397704692992
S0005|S0015,0.06789072707530186
S0012|S0013,0.03635052235334946
S0001|SS0150,0.22521417847003644
SS0040|SS0048,0.1436800644956584
SS0036|SS0149,0.08702355063393064
S0009|SS0036,0.11250618734543494
SS0047|SS0157,0.1845837866679132
S0022|SS0151,0.15640518036224715
S0023|SS0046,0.097008468512638
S0016|S0025,0.06500221446235166
S0021|SS0149,0.08574197173635156
S0013|SS0156,0.21230733896859755
S0011|S0028,0.12571846782361884
S0020|SS0153,0.08287828743251724
S0004|S0025,0.10705473058459503
S0004|SS0048,0.1119307430366121
S0004|S0013,0.0527335907809261
S0006|SS0153,0.09441668496492128
S0016|SS0033,0.08975385731371144
SS0042|SS0043,0.06819224665109791
S0013|S0019,0.05998484882253996
S0018|SS0042,0.07857492470623606
S0019|SS0048,0.09982038311778041
S0018|S0020,0.10268396503855237
S0001|S0010,0.30861661729667245
S0018|SS0155,0.08765272876744712
S0005|S0006,0.043054801196631964
S0012|SS0037,0.1151269288501161
S0006|S0012,0.11675138427056653
SS0034|SS0036,0.048026137850630035
S0027|SS0036,0.09351234923700735
S0023|SS0036,0.06609146394465149
S0003|SS0036,0.07207791925015983
S0002|S0028,0.15495714305493002
S0027|SS0157,0.08946488632689242
S0024|S0028,0.10633339342613546
S0024|SS0046,0.0831480223510207
S0011|SS0158,0.08102404288369003
SS0034|SS0041,0.07481553121009432
SS0150|SS0154,0.1131270799800358
S0015|SS0154,0.09608651387463196
S0010|SS0158,0.056809824986523094
SS0037|SS0153,0.0696705821510264
SS0037|SS0150,0.07230586957202434
S0006|S0020,0.08768070477195289
S0006|SS0045,0.08482967165742195
S0024|SS0033,0.09194959329389485
S0021|SS0033,0.0950782689927564
S0018|SS0158,0.10902136019959086
S0006|S0008,0.12076000241590146
S0005|SS0158,0.07999481872454306
S0001|S0020,0.33041588960271706
S0003|S0005,0.07193211479576522
S0003|S0020,0.12052146129089425
S0012|SS0157,0.2232096318748571
SS0036|SS0043,0.0732353829621859
S0001|SS0040,0.2076133916383549
SS0035|SS0149,0.09702499963613964
SS0157|SS0158,0.17007240292578285
SS0156|SS0158,0.19024748745242737
S0026|S0028,0.11375333490591555
SS0042|SS0158,0.13305834948806938
SS0041|SS0042,0.07570225461453672
S0013|SS0041,0.13638846120972892
S0015|SS0046,0.11501612003492057
S0013|S0015,0.07158962686047521
SS0153|SS0154,0.06200427673328601
S0011|SS0153,0.10791499927085979
S0009|SS0047,0.11220531979815918
S0004|SS0039,0.15614238621953946
S0029|SS0037,0.09323069328204103
S0010|SS0033,0.09304040921659307
S0001|SS0156,0.16607840068156032
S0018|S0021,0.07582814186110998
S0012|S0015,0.0839895250171222
S0012|SS0040,0.18829098586147486
S0028|SS0035,0.11864930895189296
S0002|SS0045,0.09120687709511899
S0002|S0011,0.19083847670099197
S0027|S0028,0.12527041006920625
SS0039|SS0157,0.10241907002362105
SS0034|SS0048,0.10610315353762123
S0016|SS0045,0.11780275987556144
SS0154|SS0156,0.18233958272436412
S0013|SS0154,0.10296249667667268
S0004|SS0047,0.09998167465284657
S0004|S0022,0.12660523311347693
S0006|S0021,0.08247231226162
S0001|S0023,0.26839304725425783
S0001|SS0045,0.22394346257912467
S0018|S0019,0.06544323402675845
S0005|S0027,0.11824399872588254
S0012|SS0048,0.1266070747808643
S0003|S0015,0.09777100036913389
S0018|SS0040,0.0767258672216855
S0024|SS0040,0.08792542081847377
S0001|S0018,0.241342062950741
S0015|SS0035,0.10315466677900154
S0022|SS0035,0.09040063168051626
S0002|SS0158,0.1450943792245334
S0028|SS0048,0.11975346646845031
S0020|SS0149,0.06562759936418827
S0022|S0025,0.06850198838422006
S0021|SS0151,0.17018021551747364
S0022|SS0034,0.07503602262609288
S0025|SS0045,0.08175418606233997
S0004|S0009,0.09527344469326204
S0006|S0029,0.10503082552747312
SS0034|SS0150,0.07165493521700095
S0026|SS0033,0.099490957945219
SS0043|SS0045,0.09024938031300389
S0013|S0017,0.12142908145251463
S0013|S0021,0.11485720196467375
S0005|SS0150,0.10334690105311994
S0003|S0025,0.07457339822333253
S0008|S0012,0.20845419717975922
S0004|SS0040,0.17390108899374312
S0003|SS0040,0.08625007492879389
S0015|SS0036,0.0923818440920462
SS0035|SS0047,0.10872783832911537
S0002|SS0151,0.1176407719317244
SS0042|SS0157,0.12618301064135207
S0021|SS0157,0.11894581012102967
SS0045|SS0154,0.15048959698283504
SS0153|SS0158,0.07847017554319424
S0004|S0010,0.07862251809194742
S0009|S0027,0.14185842480073152
S0009|SS0034,0.11046105093598813
S0027|SS0037,0.09499533595029708
S0006|S0024,0.06467747764442955
S0006|SS0043,0.08748315380516247
S0018|SS0046,0.08570461507544413
S0021|SS0155,0.07697284190548781
S0008|SS0153,0.13666558615135005
S0005|S0025,0.05889194263455377
S0005|SS0153,0.08692591583473108
S0012|SS0153,0.10762633684637057
S0005|S0012,0.09442455873423916
S0003|SS0154,0.12754652580262227
S0003|S0004,0.1274364004584415
SS0040|SS0043,0.1078213524440641
S0013|SS0040,0.1657414549462688
