S0025,  1
S0261,  2
S0357,  3
S0039,  4
S0354,  5
S0135,  6
S0082,  7
S0116,  8
S0314,  9
S0256, 10
S0341, 11
S0271, 12
S0213, 13
S0037, 14
S0226, 15
S0436, 16
S0227, 17
S0305, 18
S0010, 19
S0150, 20
S0217, 21
S0359, 22
S0355, 23
S0216, 24
S0363, 25
S0081, 26
S0101, 27
S0046, 28
S0011, 29
S0352, 30
S0054, 31
S0268, 32
S0016, 33
S0389, 34
S0388, 35
S0191, 36
S0361, 37
S0279, 38
S0003, 39
S0092, 40
S0076, 41
S0195, 42
S0282, 43
S0247, 44
S0378, 45
S0122, 46
S0297, 47
S0236, 48
S0157, 49
S0107, 50
S0197, 51
S0281, 52
S0445, 53
S0340, 54
S0209, 55
S0431, 56
S0120, 57
S0066, 58
S0033, 59
S0103, 60
S0073, 61
S0132, 62
S0021, 63
S0394, 64
S0321, 65
S0164, 66
S0335, 67
S0100, 68
S0371, 69
S0196, 70
S0283, 71
S0030, 72
S0118, 73
S0201, 74
S0041, 75
S0353, 76
S0028, 77
S0052, 78
S0057, 79
S0181, 80
S0284, 81
S0089, 82
S0351, 83
S0096, 84
S0264, 85
S0183, 86
S0316, 87
S0254, 88
S0336, 89
S0062, 90
S0387, 91
S0020, 92
S0179, 93
S0106, 94
S0239, 95
S0167, 96
S0015, 97
S0143, 98
S0004, 99
S0027,100
S0105,101
S0301,102
S0228,103
S0246,104
S0403,105
S0225,106
S0415,107
S0055,108
S0086,109
S0428,110
S0059,111
S0129,112
S0036,113
S0221,114
S0373,115
S0104,116
S0410,117
S0391,118
S0186,119
S0358,120
S0097,121
S0051,122
S0367,123
S0019,124
S0260,125
S0331,126
S0180,127
S0407,128
S0402,129
S0317,130
S0386,131
S0250,132
S0383,133
S0231,134
S0202,135
S0411,136
S0248,137
S0185,138
S0061,139
S0242,140
S0375,141
S0349,142
S0253,143
S0328,144
S0042,145
S0401,146
S0241,147
S0084,148
S0094,149
S0319,150
S0238,151
S0087,152
S0308,153
S0251,154
S0060,155
S0435,156
S0001,157
S0325,158
S0017,159
S0390,160
S0206,161
S0050,162
S0273,163
S0049,164
S0223,165
S0259,166
S0345,167
S0182,168
S0245,169
S0306,170
S0392,171
S0385,172
S0085,173
S0404,174
S0343,175
S0098,176
S0110,177
S0406,178
S0071,179
S0140,180
S0224,181
S0192,182
S0156,183
S0425,184
S0298,185
S0249,186
S0126,187
S0034,188
S0356,189
S0065,190
S0068,191
S0023,192
S0205,193
S0344,194
S0258,195
S0266,196
S0262,197
S0175,198
S0379,199
S0272,200
S0080,201
S0131,202
S0123,203
S0376,204
S0422,205
S0199,206
S0134,207
S0304,208
S0294,209
S0204,210
S0109,211
S0035,212
S0125,213
S0211,214
S0151,215
S0058,216
S0013,217
S0423,218
S0115,219
S0112,220
S0214,221
S0128,222
S0093,223
S0432,224
S0187,225
S0002,226
S0168,227
S0212,228
S0154,229
S0124,230
S0022,231
S0079,232
S0397,233
S0270,234
S0382,235
S0303,236
S0070,237
S0083,238
S0174,239
S0315,240
S0334,241
S0139,242
S0438,243
S0012,244
S0342,245
S0324,246
S0166,247
S0102,248
S0171,249
S0043,250
S0218,251
S0265,252
S0307,253
S0235,254
S0190,255
S0437,256
S0200,257
S0368,258
S0275,259
S0396,260
S0318,261
S0177,262
S0144,263
S0370,264
S0090,265
S0240,266
S0159,267
S0430,268
S0360,269
S0184,270
S0008,271
S0138,272
S0130,273
S0063,274
S0193,275
S0114,276
S0067,277
S0178,278
S0207,279
S0419,280
S0374,281
S0078,282
S0295,283
S0077,284
S0099,285
S0053,286
S0372,287
S0311,288
S0189,289
S0091,290
S0117,291
S0155,292
S0219,293
S0289,294
S0384,295
S0274,296
S0234,297
S0069,298
S0252,299
S0398,300
S0048,301
S0188,302
S0312,303
S0424,304
S0337,305
S0032,306
S0095,307
S0323,308
S0267,309
S0072,310
S0145,311
S0280,312
S0362,313
S0348,314
S0369,315
S0222,316
S0286,317
S0350,318
S0299,319
S0009,320
S0136,321
S0347,322
S0429,323
S0395,324
S0088,325
S0409,326
S0263,327
S0215,328
S0040,329
S0313,330
S0332,331
S0309,332
S0158,333
S0291,334
S0416,335
S0278,336
S0026,337
S0153,338
S0243,339
S0137,340
S0169,341
S0233,342
S0443,343
S0018,344
S0276,345
S0232,346
S0380,347
S0381,348
S0255,349
S0326,350
S0293,351
S0329,352
S0333,353
S0006,354
S0405,355
S0074,356
S0119,357
S0047,358
S0302,359
S0220,360
S0127,361
S0024,362
S0277,363
S0133,364
S0229,365
S0173,366
S0300,367
S0393,368
S0029,369
S0075,370
S0292,371
S0366,372
S0172,373
S0198,374
S0005,375
S0111,376
S0031,377
S0237,378
S0377,379
S0322,380
S0296,381
S0285,382
S0203,383
S0161,384
S0149,385
S0257,386
S0142,387
S0165,388
S0244,389
S0064,390
S0045,391
S0108,392
S0269,393
S0290,394
S0141,395
S0365,396